"season","team_id","team_name","gp","wins","losses","win_pct","fgm_per_game","fga_per_game","fg_pct","ftm_per_game","fta_per_game","ft_pct","pts_per_game","champion"
"1984-85","1610612737","Atlanta Hawks","82","34","48","0.4146341463414634","42.0","86.82926829268293","0.4837078651685393","21.73170731707317","28.914634146341463","0.7515816111345424","106.6219512195122","0"
"1984-85","1610612738","Boston Celtics","82","63","19","0.7682926829268293","45.3780487804878","89.32926829268293","0.5079863481228669","22.682926829268293","28.134146341463413","0.8062418725617685","114.78048780487805","0"
"1984-85","1610612739","Cleveland Cavaliers","82","36","46","0.43902439024390244","42.31707317073171","89.8048780487805","0.4712112982074959","22.76829268292683","30.365853658536587","0.7497991967871486","108.57317073170732","0"
"1984-85","1610612741","Chicago Bulls","82","38","44","0.4634146341463415","42.109756097560975","84.2560975609756","0.49978289188015634","24.158536585365855","30.804878048780488","0.7842438638163104","108.73170731707317","0"
"1984-85","1610612742","Dallas Mavericks","82","44","38","0.5365853658536586","43.41463414634146","88.78048780487805","0.489010989010989","22.48780487804878","28.341463414634145","0.7934595524956971","111.17073170731707","0"
"1984-85","1610612743","Denver Nuggets","82","52","30","0.6341463414634146","47.26829268292683","97.26829268292683","0.48595787362086257","24.585365853658537","31.317073170731707","0.7850467289719626","120.01219512195122","0"
"1984-85","1610612744","Golden State Warriors","82","22","60","0.2682926829268293","42.65853658536585","92.21951219512195","0.4625760380851627","23.70731707317073","30.865853658536587","0.7680758593441328","110.39024390243902","0"
"1984-85","1610612745","Houston Rockets","82","48","34","0.5853658536585366","45.707317073170735","90.73170731707317","0.5037634408602151","19.28048780487805","27.573170731707318","0.6992481203007519","111.1951219512195","0"
"1984-85","1610612746","Los Angeles Clippers","82","31","51","0.3780487804878049","43.01219512195122","86.79268292682927","0.4955739777996347","20.414634146341463","26.926829268292682","0.7581521739130435","107.1219512195122","0"
"1984-85","1610612747","Los Angeles Lakers","82","62","20","0.7560975609756098","48.19512195121951","88.46341463414635","0.5448028673835126","20.75609756097561","27.21951219512195","0.7625448028673835","118.2439024390244","1"
"1984-85","1610612749","Milwaukee Bucks","82","59","23","0.7195121951219512","43.46341463414634","88.51219512195122","0.49104436483879854","22.841463414634145","30.158536585365855","0.7573797007682976","110.85365853658537","0"
"1984-85","1610612751","New Jersey Nets","82","42","40","0.5121951219512195","44.46341463414634","90.95121951219512","0.4888710109949048","19.890243902439025","27.28048780487805","0.7291014751899866","109.45121951219512","0"
"1984-85","1610612752","New York Knicks","82","24","58","0.2926829268292683","41.890243902439025","86.59756097560975","0.4837346852555978","20.804878048780488","28.658536585365855","0.7259574468085106","105.20731707317073","0"
"1984-85","1610612754","Indiana Pacers","82","22","60","0.2682926829268293","42.548780487804876","89.34146341463415","0.4762489762489763","22.817073170731707","30.682926829268293","0.7436406995230525","108.28048780487805","0"
"1984-85","1610612755","Philadelphia 76ers","82","58","24","0.7073170731707317","41.98780487804878","85.26829268292683","0.4924199084668192","28.24390243902439","35.170731707317074","0.8030513176144244","112.9390243902439","0"
"1984-85","1610612756","Phoenix Suns","82","36","46","0.43902439024390244","42.76829268292683","87.1219512195122","0.4909014557670773","21.426829268292682","27.804878048780488","0.7706140350877193","108.02439024390245","0"
"1984-85","1610612757","Portland Trail Blazers","82","42","40","0.5121951219512195","45.21951219512195","89.92682926829268","0.5028478437754271","24.414634146341463","32.52439024390244","0.7506561679790026","115.47560975609755","0"
"1984-85","1610612758","Kansas City Kings","82","31","51","0.3780487804878049","44.68292682926829","88.73170731707317","0.5035733919736118","24.658536585365855","31.646341463414632","0.7791907514450868","114.79268292682927","0"
"1984-85","1610612759","San Antonio Spurs","82","41","41","0.5","45.09756097560975","87.73170731707317","0.5140394773422297","23.914634146341463","31.353658536585368","0.7627382341501361","114.78048780487805","0"
"1984-85","1610612760","Seattle SuperSonics","82","31","51","0.3780487804878049","39.96341463414634","84.26829268292683","0.47424023154848044","21.670731707317074","28.109756097560975","0.7709327548806941","102.14634146341463","0"
"1984-85","1610612762","Utah Jazz","82","41","41","0.5","42.41463414634146","89.04878048780488","0.47630786086003835","22.902439024390244","29.682926829268293","0.7715694330320461","108.98780487804878","0"
"1984-85","1610612764","Washington Bullets","82","40","42","0.4878048780487805","43.09756097560975","90.03658536585365","0.47866720845184885","18.024390243902438","24.25609756097561","0.743086978381096","105.54878048780488","0"
"1984-85","1610612765","Detroit Pistons","82","46","36","0.5609756097560976","46.829268292682926","97.45121951219512","0.48054060818420724","21.74390243902439","27.5609756097561","0.7889380530973451","115.95121951219512","0"
"1985-86","1610612737","Atlanta Hawks","82","50","32","0.6097560975609756","42.03658536585366","85.6951219512195","0.4905365020634695","24.134146341463413","32.97560975609756","0.7318786982248521","108.60975609756098","0"
"1985-86","1610612738","Boston Celtics","82","67","15","0.8170731707317073","45.34146341463415","89.17073170731707","0.5084792122538293","21.76829268292683","27.414634146341463","0.7940391459074733","114.13414634146342","1"
"1985-86","1610612739","Cleveland Cavaliers","82","29","53","0.35365853658536583","42.41463414634146","88.21951219512195","0.4807851810893005","21.317073170731707","28.353658536585368","0.7518279569892473","107.7560975609756","0"
"1985-86","1610612741","Chicago Bulls","82","30","52","0.36585365853658536","42.390243902439025","88.13414634146342","0.4809741248097412","23.4390243902439","30.475609756097562","0.7691076430572229","109.29268292682927","0"
"1985-86","1610612742","Dallas Mavericks","82","44","38","0.5365853658536586","44.28048780487805","88.4390243902439","0.5006894649751793","25.0","32.23170731707317","0.7756337495270526","115.28048780487805","0"
"1985-86","1610612743","Denver Nuggets","82","47","35","0.573170731707317","45.18292682926829","95.95121951219512","0.4708947635993899","23.524390243902438","29.463414634146343","0.7984271523178808","114.7560975609756","0"
"1985-86","1610612744","Golden State Warriors","82","30","52","0.36585365853658536","44.51219512195122","92.28048780487805","0.482357605391833","23.317073170731707","30.695121951219512","0.7596344854986095","113.40243902439025","0"
"1985-86","1610612745","Houston Rockets","82","51","31","0.6219512195121951","45.84146341463415","93.54878048780488","0.490027375831052","21.658536585365855","29.646341463414632","0.7305635540929658","114.3780487804878","0"
"1985-86","1610612746","Los Angeles Clippers","82","32","50","0.3902439024390244","41.31707317073171","87.3780487804878","0.47285415212840193","25.20731707317073","32.707317073170735","0.7706935123042505","108.6219512195122","0"
"1985-86","1610612747","Los Angeles Lakers","82","62","20","0.7560975609756098","46.75609756097561","89.54878048780488","0.5221299196513687","22.097560975609756","28.390243902439025","0.7783505154639175","117.29268292682927","0"
"1985-86","1610612749","Milwaukee Bucks","82","57","25","0.6951219512195121","43.91463414634146","89.14634146341463","0.4926128590971272","25.158536585365855","32.9390243902439","0.7637911884487227","114.51219512195122","0"
"1985-86","1610612751","New Jersey Nets","82","39","43","0.47560975609756095","43.26829268292683","89.0609756097561","0.48582774202382584","22.073170731707318","29.21951219512195","0.7554257095158597","109.13414634146342","0"
"1985-86","1610612752","New York Knicks","82","23","59","0.2804878048780488","39.5","85.79268292682927","0.4604122245913291","18.70731707317073","27.28048780487805","0.6857398301296379","98.70731707317073","0"
"1985-86","1610612754","Indiana Pacers","82","26","56","0.3170731707317073","41.96341463414634","87.1951219512195","0.48125874125874124","19.682926829268293","26.621951219512194","0.7393495190105359","103.89024390243902","0"
"1985-86","1610612755","Philadelphia 76ers","82","54","28","0.6585365853658537","41.890243902439025","86.07317073170732","0.48668177954094644","25.975609756097562","34.26829268292683","0.7580071174377224","110.3780487804878","0"
"1985-86","1610612756","Phoenix Suns","82","32","50","0.3902439024390244","42.90243902439025","85.28048780487805","0.5030745030745031","23.76829268292683","32.71951219512195","0.7264256429370108","110.03658536585365","0"
"1985-86","1610612757","Portland Trail Blazers","82","40","42","0.4878048780487805","44.02439024390244","88.79268292682927","0.4958110149704711","26.121951219512194","34.13414634146341","0.7652733118971061","115.07317073170732","0"
"1985-86","1610612758","Sacramento Kings","82","37","45","0.45121951219512196","43.146341463414636","88.04878048780488","0.4900277008310249","22.170731707317074","28.48780487804878","0.7782534246575342","108.82926829268293","0"
"1985-86","1610612759","San Antonio Spurs","82","35","47","0.4268292682926829","43.853658536585364","86.59756097560975","0.5064075482326433","22.951219512195124","30.76829268292683","0.7459373761395165","111.21951219512195","0"
"1985-86","1610612760","Seattle SuperSonics","82","31","51","0.3780487804878049","40.670731707317074","86.08536585365853","0.4724465221702791","22.134146341463413","28.426829268292682","0.7786357786357786","104.4390243902439","0"
"1985-86","1610612762","Utah Jazz","82","42","40","0.5121951219512195","42.09756097560975","86.36585365853658","0.4874329285512567","23.5609756097561","32.8780487804878","0.7166172106824926","108.1829268292683","0"
"1985-86","1610612764","Washington Bullets","82","39","43","0.47560975609756095","40.3780487804878","87.1951219512195","0.46307692307692305","20.78048780487805","27.878048780487806","0.7454068241469817","102.95121951219512","0"
"1985-86","1610612765","Detroit Pistons","82","46","36","0.5609756097560976","45.78048780487805","94.51219512195122","0.48438709677419356","21.951219512195124","28.048780487804876","0.782608695652174","114.1829268292683","0"
"1986-87","1610612737","Atlanta Hawks","82","57","25","0.6951219512195121","41.890243902439025","87.1219512195122","0.48082306830907057","24.621951219512194","32.451219512195124","0.7587373167981961","110.04878048780488","0"
"1986-87","1610612738","Boston Celtics","82","59","23","0.7195121951219512","44.451219512195124","85.98780487804878","0.5169479506452985","21.21951219512195","26.25609756097561","0.8081746400371574","112.64634146341463","0"
"1986-87","1610612739","Cleveland Cavaliers","82","31","51","0.3780487804878049","40.84146341463415","86.86585365853658","0.4701670644391408","21.695121951219512","31.146341463414632","0.6965544244322631","104.36585365853658","0"
"1986-87","1610612741","Chicago Bulls","82","40","42","0.4878048780487805","41.24390243902439","87.2560975609756","0.4726764500349406","21.390243902439025","27.48780487804878","0.7781721384205856","104.82926829268293","0"
"1986-87","1610612742","Dallas Mavericks","82","55","27","0.6707317073170732","43.829268292682926","89.92682926829268","0.4873881204231082","26.182926829268293","33.1219512195122","0.790500736377025","116.67073170731707","0"
"1986-87","1610612743","Denver Nuggets","82","37","45","0.45121951219512196","45.65853658536585","96.96341463414635","0.4708841655137719","24.085365853658537","31.304878048780488","0.7693805999220881","116.6951219512195","0"
"1986-87","1610612744","Golden State Warriors","82","42","40","0.5121951219512195","43.30487804878049","90.39024390243902","0.4790879654614139","24.024390243902438","30.79268292682927","0.7801980198019802","112.04878048780488","0"
"1986-87","1610612745","Houston Rockets","82","42","40","0.5121951219512195","42.25609756097561","88.5609756097561","0.47714128339300466","21.29268292682927","28.73170731707317","0.7410865874363328","106.89024390243902","0"
"1986-87","1610612746","Los Angeles Clippers","82","12","70","0.14634146341463414","40.3780487804878","89.46341463414635","0.45133587786259544","22.75609756097561","30.670731707317074","0.741948310139165","104.46341463414635","0"
"1986-87","1610612747","Los Angeles Lakers","82","65","17","0.7926829268292683","45.609756097560975","88.32926829268293","0.5163606240508076","24.536585365853657","31.085365853658537","0.7893291486857591","117.7560975609756","1"
"1986-87","1610612749","Milwaukee Bucks","82","50","32","0.6097560975609756","42.15853658536585","88.8048780487805","0.47473221642405933","23.817073170731707","31.109756097560975","0.7655821246569973","110.39024390243902","0"
"1986-87","1610612751","New Jersey Nets","82","24","58","0.2926829268292683","41.146341463414636","86.32926829268293","0.4766209916654895","24.390243902439025","31.79268292682927","0.7671653241273494","108.45121951219512","0"
"1986-87","1610612752","New York Knicks","82","24","58","0.2926829268292683","40.59756097560975","85.64634146341463","0.4740139541506479","21.036585365853657","28.804878048780488","0.7303132938187976","103.7560975609756","0"
"1986-87","1610612754","Indiana Pacers","82","41","41","0.5","42.1219512195122","89.3170731707317","0.471600218459858","20.682926829268293","26.451219512195124","0.7819271553711388","106.07317073170732","0"
"1986-87","1610612755","Philadelphia 76ers","82","45","37","0.5487804878048781","40.670731707317074","82.82926829268293","0.4910188457008245","24.036585365853657","31.914634146341463","0.7531524646541842","106.45121951219512","0"
"1986-87","1610612756","Phoenix Suns","82","36","46","0.43902439024390244","43.59756097560975","87.60975609756098","0.4976336302895323","23.170731707317074","30.475609756097562","0.7603041216486595","111.10975609756098","0"
"1986-87","1610612757","Portland Trail Blazers","82","49","33","0.5975609756097561","44.51219512195122","88.40243902439025","0.503517726582977","27.670731707317074","35.707317073170735","0.774931693989071","117.89024390243902","0"
"1986-87","1610612758","Sacramento Kings","82","29","53","0.35365853658536583","42.951219512195124","90.40243902439025","0.4751112909753136","24.073170731707318","30.23170731707317","0.7962888261395724","110.91463414634147","0"
"1986-87","1610612759","San Antonio Spurs","82","28","54","0.34146341463414637","43.073170731707314","91.04878048780488","0.4730779533886954","20.74390243902439","27.951219512195124","0.7421465968586387","108.3170731707317","0"
"1986-87","1610612760","Seattle SuperSonics","82","39","43","0.47560975609756095","43.81707317073171","90.85365853658537","0.4822818791946309","23.75609756097561","31.353658536585368","0.7576818358615325","113.71951219512195","0"
"1986-87","1610612762","Utah Jazz","82","44","38","0.5365853658536586","42.5","91.7560975609756","0.4631844763423711","21.158536585365855","29.134146341463413","0.7262452909167015","107.85365853658537","0"
"1986-87","1610612764","Washington Bullets","82","42","40","0.5121951219512195","40.926829268292686","90.08536585365853","0.4543116285366184","23.597560975609756","30.865853658536587","0.76451995258791","105.97560975609755","0"
"1986-87","1610612765","Detroit Pistons","82","52","30","0.6341463414634146","43.21951219512195","88.2560975609756","0.4897056791488186","24.28048780487805","31.73170731707317","0.7651806302843966","111.1951219512195","0"
"1987-88","1610612737","Atlanta Hawks","82","50","32","0.6097560975609756","41.98780487804878","86.60975609756098","0.4847930160518164","22.841463414634145","29.76829268292683","0.7673084801310938","107.85365853658537","0"
"1987-88","1610612738","Boston Celtics","82","57","25","0.6951219512195121","43.890243902439025","84.20731707317073","0.521216509775525","22.51219512195122","28.048780487804876","0.802608695652174","113.59756097560975","0"
"1987-88","1610612739","Cleveland Cavaliers","82","42","40","0.5121951219512195","40.40243902439025","82.3780487804878","0.4904515173945226","22.109756097560975","29.73170731707317","0.743642329778507","104.46341463414635","0"
"1987-88","1610612741","Chicago Bulls","82","50","32","0.6097560975609756","41.8780487804878","85.54878048780488","0.4895224518888097","20.548780487804876","27.085365853658537","0.7586672669968483","104.98780487804878","0"
"1987-88","1610612742","Dallas Mavericks","82","53","29","0.6463414634146342","41.6219512195122","87.6951219512195","0.474621054095397","24.146341463414632","30.609756097560975","0.7888446215139442","109.26829268292683","0"
"1987-88","1610612743","Denver Nuggets","82","54","28","0.6585365853658537","45.97560975609756","97.08536585365853","0.47355859816605955","22.451219512195124","27.914634146341463","0.8042813455657493","116.7439024390244","0"
"1987-88","1610612744","Golden State Warriors","82","20","62","0.24390243902439024","42.23170731707317","90.29268292682927","0.467720151269584","21.390243902439025","26.878048780487806","0.7958257713248639","106.96341463414635","0"
"1987-88","1610612745","Houston Rockets","82","46","36","0.5609756097560976","42.25609756097561","89.6829268292683","0.4711721512102257","23.609756097560975","30.28048780487805","0.779701973419251","108.96341463414635","0"
"1987-88","1610612746","Los Angeles Clippers","82","17","65","0.2073170731707317","38.90243902439025","87.73170731707317","0.4434250764525994","20.048780487804876","28.109756097560975","0.7132321041214751","98.8170731707317","0"
"1987-88","1610612747","Los Angeles Lakers","82","62","20","0.7560975609756098","43.609756097560975","86.3170731707317","0.5052274653857022","23.853658536585368","30.24390243902439","0.7887096774193548","112.8048780487805","1"
"1987-88","1610612749","Milwaukee Bucks","82","42","40","0.5121951219512195","41.048780487804876","86.32926829268293","0.4754908885435796","22.341463414634145","28.829268292682926","0.7749576988155669","106.0609756097561","0"
"1987-88","1610612751","New Jersey Nets","82","19","63","0.23170731707317074","39.1219512195122","83.6219512195122","0.467843080064168","20.51219512195122","28.146341463414632","0.7287694974003466","100.42682926829268","0"
"1987-88","1610612752","New York Knicks","82","38","44","0.4634146341463415","41.01219512195122","88.1951219512195","0.46501659292035397","21.341463414634145","28.121951219512194","0.7588898525585429","105.54878048780488","0"
"1987-88","1610612754","Indiana Pacers","82","38","44","0.4634146341463415","41.90243902439025","87.2439024390244","0.4802907464355605","18.853658536585368","24.170731707317074","0.7800201816347124","104.64634146341463","0"
"1987-88","1610612755","Philadelphia 76ers","82","36","46","0.43902439024390244","39.19512195121951","82.7439024390244","0.4736919675755343","25.451219512195124","33.30487804878049","0.764188941779568","105.6951219512195","0"
"1987-88","1610612756","Phoenix Suns","82","28","54","0.34146341463414637","43.30487804878049","89.04878048780488","0.4863051218844152","20.5","26.829268292682926","0.764090909090909","108.54878048780488","0"
"1987-88","1610612757","Portland Trail Blazers","82","53","29","0.6463414634146342","44.646341463414636","90.97560975609755","0.4907506702412869","25.353658536585368","32.9390243902439","0.7697149203998519","116.07317073170732","0"
"1987-88","1610612758","Sacramento Kings","82","24","58","0.2926829268292683","42.170731707317074","89.47560975609755","0.47130979964563174","21.890243902439025","28.341463414634145","0.7723752151462995","107.98780487804878","0"
"1987-88","1610612759","San Antonio Spurs","82","31","51","0.3780487804878049","45.19512195121951","92.1829268292683","0.4902764915994179","21.573170731707318","29.414634146341463","0.7334162520729685","113.58536585365853","0"
"1987-88","1610612760","Seattle SuperSonics","82","44","38","0.5365853658536586","43.21951219512195","90.76829268292683","0.4761520892113395","22.26829268292683","29.78048780487805","0.7477477477477478","111.40243902439025","0"
"1987-88","1610612762","Utah Jazz","82","47","35","0.573170731707317","42.48780487804878","86.48780487804878","0.4912577552171461","21.975609756097562","29.317073170731707","0.7495840266222962","108.52439024390245","0"
"1987-88","1610612764","Washington Bullets","82","38","44","0.4634146341463415","40.91463414634146","87.36585365853658","0.4683137911781128","23.341463414634145","30.195121951219512","0.7730210016155089","105.52439024390245","0"
"1987-88","1610612765","Detroit Pistons","82","54","28","0.6585365853658537","42.207317073170735","85.58536585365853","0.49316044457110286","24.109756097560975","31.853658536585368","0.7568912710566615","109.23170731707317","0"
"1988-89","1610612737","Atlanta Hawks","82","52","30","0.6341463414634146","41.609756097560975","88.17073170731707","0.4719225449515906","26.4390243902439","33.03658536585366","0.8002953119232189","111.0","0"
"1988-89","1610612738","Boston Celtics","82","42","40","0.5121951219512195","42.926829268292686","87.10975609756098","0.49279014419711603","22.4390243902439","28.646341463414632","0.7833120476798637","109.2439024390244","0"
"1988-89","1610612739","Cleveland Cavaliers","82","57","25","0.6951219512195121","42.26829268292683","84.1951219512195","0.5020278099652375","22.20731707317073","29.73170731707317","0.7469237079573421","108.8170731707317","0"
"1988-89","1610612741","Chicago Bulls","82","47","35","0.573170731707317","42.048780487804876","84.97560975609755","0.49483352468427094","20.195121951219512","25.682926829268293","0.7863247863247863","106.41463414634147","0"
"1988-89","1610612742","Dallas Mavericks","82","38","44","0.4634146341463415","39.5609756097561","84.35365853658537","0.468989446291745","21.76829268292683","27.597560975609756","0.7887759611135661","103.46341463414635","0"
"1988-89","1610612743","Denver Nuggets","82","44","38","0.5365853658536586","46.5","99.26829268292683","0.46842751842751845","22.20731707317073","28.21951219512195","0.7869490060501296","117.98780487804878","0"
"1988-89","1610612744","Golden State Warriors","82","43","39","0.524390243902439","45.48780487804878","97.28048780487805","0.46759433370941456","23.21951219512195","29.073170731707318","0.7986577181208053","116.5609756097561","0"
"1988-89","1610612745","Houston Rockets","82","45","37","0.5487804878048781","41.609756097560975","87.7560975609756","0.4741523068371317","23.28048780487805","30.817073170731707","0.7554412346656114","108.5","0"
"1988-89","1610612746","Los Angeles Clippers","82","21","61","0.25609756097560976","43.0","90.58536585365853","0.4746903607969844","19.585365853658537","27.073170731707318","0.7234234234234235","106.2439024390244","0"
"1988-89","1610612747","Los Angeles Lakers","82","57","25","0.6951219512195121","43.707317073170735","87.10975609756098","0.5017499650007","24.524390243902438","30.585365853658537","0.8018341307814992","114.70731707317073","0"
"1988-89","1610612748","Miami Heat","82","15","67","0.18292682926829268","39.28048780487805","86.78048780487805","0.45264193367060146","18.01219512195122","25.646341463414632","0.7023300047551118","97.7560975609756","0"
"1988-89","1610612749","Milwaukee Bucks","82","49","33","0.5975609756097561","41.451219512195124","87.40243902439025","0.4742570113017999","23.841463414634145","29.048780487804876","0.8207388748950462","108.92682926829268","0"
"1988-89","1610612751","New Jersey Nets","82","26","56","0.3170731707317073","40.646341463414636","88.1219512195122","0.4612510379186272","20.158536585365855","27.5609756097561","0.7314159292035398","103.73170731707317","0"
"1988-89","1610612752","New York Knicks","82","52","30","0.6341463414634146","45.13414634146341","92.8170731707317","0.486269872552884","21.695121951219512","28.853658536585368","0.7519019442096365","116.67073170731707","0"
"1988-89","1610612754","Indiana Pacers","82","28","54","0.34146341463414637","41.28048780487805","84.6951219512195","0.48740100791936647","21.890243902439025","27.74390243902439","0.789010989010989","106.91463414634147","0"
"1988-89","1610612755","Philadelphia 76ers","82","46","36","0.5609756097560976","42.68292682926829","87.8170731707317","0.4860436050548535","24.024390243902438","30.536585365853657","0.786741214057508","111.8780487804878","0"
"1988-89","1610612756","Phoenix Suns","82","55","27","0.6707317073170732","45.78048780487805","92.01219512195122","0.4975480450629556","25.01219512195122","31.634146341463413","0.7906707787201234","118.6219512195122","0"
"1988-89","1610612757","Portland Trail Blazers","82","39","43","0.47560975609756095","45.0609756097561","95.0609756097561","0.4740218088518281","21.817073170731707","29.463414634146343","0.7404801324503312","114.57317073170732","0"
"1988-89","1610612758","Sacramento Kings","82","27","55","0.32926829268292684","41.0","89.64634146341463","0.45735274112365665","19.75609756097561","25.658536585365855","0.7699619771863118","105.5","0"
"1988-89","1610612759","San Antonio Spurs","82","21","61","0.25609756097560976","42.30487804878049","90.35365853658537","0.4682143339182076","20.134146341463413","28.865853658536587","0.6975073933248839","105.51219512195122","0"
"1988-89","1610612760","Seattle SuperSonics","82","47","35","0.573170731707317","43.46341463414634","91.1951219512195","0.47659802086119285","21.646341463414632","29.01219512195122","0.7461118116855822","112.14634146341463","0"
"1988-89","1610612762","Utah Jazz","82","51","31","0.6219512195121951","38.80487804878049","80.42682926829268","0.4824867323730099","25.73170731707317","33.4390243902439","0.7695113056163384","104.73170731707317","0"
"1988-89","1610612764","Washington Bullets","82","40","42","0.4878048780487805","42.91463414634146","92.57317073170732","0.4635752865235147","21.817073170731707","28.26829268292683","0.771786022433132","108.28048780487805","0"
"1988-89","1610612765","Detroit Pistons","82","63","19","0.7682926829268293","41.40243902439025","83.89024390243902","0.4935310364878616","22.317073170731707","29.01219512195122","0.7692307692307693","106.58536585365853","1"
"1988-89","1610612766","Charlotte Hornets","82","20","62","0.24390243902439024","41.78048780487805","90.60975609756098","0.4611036339165545","19.26829268292683","25.121951219512194","0.7669902912621359","104.46341463414635","0"
"1989-90","1610612737","Atlanta Hawks","82","41","41","0.5","41.670731707317074","85.59756097560975","0.48682148454195756","23.695121951219512","31.024390243902438","0.7637578616352201","108.54878048780488","0"
"1989-90","1610612738","Boston Celtics","82","52","30","0.6341463414634146","43.451219512195124","87.17073170731707","0.49846110800223836","21.841463414634145","26.25609756097561","0.8318625174175569","110.03658536585365","0"
"1989-90","1610612739","Cleveland Cavaliers","82","42","40","0.5121951219512195","39.19512195121951","85.08536585365853","0.46065644259710475","19.963414634146343","26.841463414634145","0.7437528396183553","102.57317073170732","0"
"1989-90","1610612741","Chicago Bulls","82","55","27","0.6707317073170732","43.0609756097561","86.46341463414635","0.49802538787023976","20.304878048780488","26.097560975609756","0.7780373831775701","109.47560975609755","0"
"1989-90","1610612742","Dallas Mavericks","82","47","35","0.573170731707317","39.58536585365854","83.3048780487805","0.4751866490996926","21.158536585365855","27.573170731707318","0.767359575409111","102.2439024390244","0"
"1989-90","1610612743","Denver Nuggets","82","43","39","0.524390243902439","45.31707317073171","97.7439024390244","0.46363069245165317","21.182926829268293","26.841463414634145","0.7891867333030441","114.59756097560975","0"
"1989-90","1610612744","Golden State Warriors","82","37","45","0.45121951219512196","42.548780487804876","87.90243902439025","0.4840455049944506","28.20731707317073","34.853658536585364","0.8093072078376488","116.26829268292683","0"
"1989-90","1610612745","Houston Rockets","82","41","41","0.5","42.47560975609756","88.41463414634147","0.4804137931034483","19.914634146341463","27.646341463414632","0.7203352448169387","106.73170731707317","0"
"1989-90","1610612746","Los Angeles Clippers","82","30","52","0.36585365853658536","40.47560975609756","83.57317073170732","0.4843134393696191","22.134146341463413","29.975609756097562","0.7384052074857608","103.76829268292683","0"
"1989-90","1610612747","Los Angeles Lakers","82","63","19","0.7682926829268293","41.8780487804878","85.48780487804878","0.4898716119828816","23.195121951219512","29.475609756097562","0.7869259412494828","110.71951219512195","0"
"1989-90","1610612748","Miami Heat","82","18","64","0.21951219512195122","41.25609756097561","89.57317073170732","0.46058543226684817","16.98780487804878","24.73170731707317","0.6868836291913215","100.57317073170732","0"
"1989-90","1610612749","Milwaukee Bucks","82","44","38","0.5365853658536586","41.21951219512195","87.14634146341463","0.4729918835712287","21.0","27.71951219512195","0.7575890893092829","105.98780487804878","0"
"1989-90","1610612750","Minnesota Timberwolves","82","22","60","0.2682926829268293","37.40243902439025","83.85365853658537","0.44604421175101805","19.463414634146343","26.073170731707318","0.7464920486435921","95.15853658536585","0"
"1989-90","1610612751","New Jersey Nets","82","17","65","0.2073170731707317","38.5","90.42682926829268","0.42575859743762645","21.390243902439025","28.658536585365855","0.7463829787234042","100.09756097560975","0"
"1989-90","1610612752","New York Knicks","82","45","37","0.5487804878048781","41.8780487804878","86.45121951219512","0.4844124700239808","21.646341463414632","28.646341463414632","0.7556406981694338","108.28048780487805","0"
"1989-90","1610612753","Orlando Magic","82","18","64","0.21951219512195122","42.15853658536585","91.76829268292683","0.4594019933554817","25.121951219512194","33.23170731707317","0.7559633027522936","110.85365853658537","0"
"1989-90","1610612754","Indiana Pacers","82","42","40","0.5121951219512195","41.23170731707317","83.01219512195122","0.49669457910973996","23.24390243902439","28.475609756097562","0.8162740899357601","109.29268292682927","0"
"1989-90","1610612755","Philadelphia 76ers","82","53","29","0.6463414634146342","41.91463414634146","85.70731707317073","0.48904382470119523","24.097560975609756","30.597560975609756","0.7875647668393783","110.23170731707317","0"
"1989-90","1610612756","Phoenix Suns","82","54","28","0.6585365853658537","43.21951219512195","87.0609756097561","0.4964280711584256","26.329268292682926","33.1219512195122","0.7949189985272459","114.91463414634147","0"
"1989-90","1610612757","Portland Trail Blazers","82","59","23","0.7195121951219512","43.5609756097561","92.03658536585365","0.47330064926460846","24.76829268292683","33.34146341463415","0.7428675932699341","114.20731707317073","0"
"1989-90","1610612758","Sacramento Kings","82","23","59","0.2804878048780488","40.30487804878049","86.04878048780488","0.46839569160997735","18.475609756097562","23.951219512195124","0.7713849287169042","101.71951219512195","0"
"1989-90","1610612759","San Antonio Spurs","82","56","26","0.6829268292682927","41.31707317073171","85.32926829268293","0.48420751750750324","23.024390243902438","30.914634146341463","0.7447731755424063","106.3170731707317","0"
"1989-90","1610612760","Seattle SuperSonics","82","41","41","0.5","42.26829268292683","88.32926829268293","0.47853099544387684","19.585365853658537","26.414634146341463","0.7414589104339797","106.9390243902439","0"
"1989-90","1610612762","Utah Jazz","82","55","27","0.6707317073170732","40.609756097560975","80.40243902439025","0.5050811466707114","22.853658536585368","30.29268292682927","0.7544283413848631","106.82926829268293","0"
"1989-90","1610612764","Washington Bullets","82","31","51","0.3780487804878049","43.8780487804878","92.45121951219512","0.47460757156048017","19.5","25.524390243902438","0.7639751552795031","107.70731707317073","0"
"1989-90","1610612765","Detroit Pistons","82","59","23","0.7195121951219512","40.646341463414636","85.1219512195122","0.47750716332378224","20.890243902439025","27.463414634146343","0.7606571936056838","104.34146341463415","1"
"1989-90","1610612766","Charlotte Hornets","82","19","63","0.23170731707317074","39.8780487804878","87.59756097560975","0.45524154253097593","18.134146341463413","23.98780487804878","0.7559735638027453","100.39024390243902","0"
"1990-91","1610612737","Atlanta Hawks","82","43","39","0.524390243902439","40.84146341463415","88.08536585365853","0.46365775993354563","24.804878048780488","31.024390243902438","0.7995283018867925","109.79268292682927","0"
"1990-91","1610612738","Boston Celtics","82","56","26","0.6829268292682927","45.0609756097561","87.97560975609755","0.5121985029110063","20.073170731707318","24.353658536585368","0.8242363545317977","111.52439024390245","0"
"1990-91","1610612739","Cleveland Cavaliers","82","33","49","0.4024390243902439","39.74390243902439","83.6219512195122","0.4752807350153128","20.304878048780488","26.536585365853657","0.7651654411764706","101.7439024390244","0"
"1990-91","1610612741","Chicago Bulls","82","61","21","0.7439024390243902","44.292682926829265","86.89024390243902","0.5097543859649123","19.573170731707318","25.74390243902439","0.7603031738512553","110.04878048780488","1"
"1990-91","1610612742","Dallas Mavericks","82","28","54","0.34146341463414637","39.573170731707314","84.02439024390245","0.4709724238026125","18.4390243902439","24.21951219512195","0.7613293051359517","99.9390243902439","0"
"1990-91","1610612743","Denver Nuggets","82","20","62","0.24390243902439024","47.573170731707314","108.14634146341463","0.4398962562020749","21.048780487804876","27.597560975609756","0.7627043747238179","119.85365853658537","0"
"1990-91","1610612744","Golden State Warriors","82","44","38","0.5365853658536586","43.48780487804878","89.58536585365853","0.48543424993193574","26.365853658536587","33.670731707317074","0.7830496197030061","116.63414634146342","0"
"1990-91","1610612745","Houston Rockets","82","52","30","0.6341463414634146","41.5","88.86585365853658","0.46699602031014137","19.890243902439025","26.829268292682926","0.7413636363636363","106.7439024390244","0"
"1990-91","1610612746","Los Angeles Clippers","82","31","51","0.3780487804878049","41.353658536585364","89.20731707317073","0.46356801093643196","19.463414634146343","27.71951219512195","0.7021557413110426","103.54878048780488","0"
"1990-91","1610612747","Los Angeles Lakers","82","58","24","0.7073170731707317","40.76829268292683","84.28048780487805","0.48372160324120966","22.01219512195122","27.573170731707318","0.7983193277310925","106.3048780487805","0"
"1990-91","1610612748","Miami Heat","82","24","58","0.2926829268292683","40.0","87.0609756097561","0.4594481019750665","20.109756097560975","28.134146341463413","0.7147811009969658","101.8170731707317","0"
"1990-91","1610612749","Milwaukee Bucks","82","48","34","0.5853658536585366","40.69512195121951","84.73170731707317","0.48028209556706963","21.902439024390244","27.329268292682926","0.8014279339580545","106.42682926829268","0"
"1990-91","1610612750","Minnesota Timberwolves","82","29","53","0.35365853658536583","39.81707317073171","88.73170731707317","0.4487355689939527","18.670731707317074","25.390243902439025","0.7353506243996157","99.6219512195122","0"
"1990-91","1610612751","New Jersey Nets","82","26","56","0.3170731707317073","40.3780487804878","90.96341463414635","0.4438932832819413","20.21951219512195","27.378048780487806","0.7385300668151448","102.9390243902439","0"
"1990-91","1610612752","New York Knicks","82","39","43","0.47560975609756095","40.34146341463415","83.1951219512195","0.4849017883318675","20.170731707317074","26.182926829268293","0.7703772706101537","103.10975609756098","0"
"1990-91","1610612753","Orlando Magic","82","31","51","0.3780487804878049","40.21951219512195","88.48780487804878","0.4545203969128997","22.170731707317074","29.841463414634145","0.7429505516959543","105.90243902439025","0"
"1990-91","1610612754","Indiana Pacers","82","41","41","0.5","42.073170731707314","85.29268292682927","0.493279954246497","24.51219512195122","30.23170731707317","0.8108108108108109","111.6951219512195","0"
"1990-91","1610612755","Philadelphia 76ers","82","44","38","0.5365853658536586","40.109756097560975","84.45121951219512","0.4749458483754513","22.78048780487805","28.853658536585368","0.7895181741335587","105.3780487804878","0"
"1990-91","1610612756","Phoenix Suns","82","55","27","0.6707317073170732","43.573170731707314","87.79268292682927","0.4963189331851646","25.170731707317074","32.68292682926829","0.7701492537313432","114.0","0"
"1990-91","1610612757","Portland Trail Blazers","82","63","19","0.7682926829268293","43.6219512195122","89.86585365853658","0.4854118604966753","23.317073170731707","30.951219512195124","0.7533490937746257","114.71951219512195","0"
"1990-91","1610612758","Sacramento Kings","82","25","57","0.3048780487804878","37.63414634146341","83.14634146341463","0.4526254033440892","18.78048780487805","25.670731707317074","0.7315914489311164","96.6829268292683","0"
"1990-91","1610612759","San Antonio Spurs","82","55","27","0.6707317073170732","41.573170731707314","85.21951219512195","0.4878362907842015","22.963414634146343","29.98780487804878","0.7657584383895892","107.09756097560975","0"
"1990-91","1610612760","Seattle SuperSonics","82","41","41","0.5","42.68292682926829","86.79268292682927","0.4917802444850358","19.609756097560975","26.134146341463413","0.7503499766682221","106.63414634146342","0"
"1990-91","1610612762","Utah Jazz","82","54","28","0.6585365853658537","39.19512195121951","79.71951219512195","0.49166284228239254","23.79268292682927","30.146341463414632","0.7892394822006472","103.98780487804878","0"
"1990-91","1610612764","Washington Bullets","82","30","52","0.36585365853658536","41.34146341463415","88.63414634146342","0.46642817831590533","18.024390243902438","24.73170731707317","0.7287968441814595","101.3780487804878","0"
"1990-91","1610612765","Detroit Pistons","82","50","32","0.6097560975609756","38.951219512195124","83.84146341463415","0.4645818181818182","20.5609756097561","26.963414634146343","0.762550881953867","100.0609756097561","0"
"1990-91","1610612766","Charlotte Hornets","82","26","56","0.3170731707317073","40.073170731707314","85.76829268292683","0.4672259348784303","21.036585365853657","27.0","0.7791327913279132","102.78048780487805","0"
"1991-92","1610612737","Atlanta Hawks","82","38","44","0.4634146341463415","42.58536585365854","91.17073170731707","0.46709470304975925","18.5","25.29268292682927","0.7314368370298939","106.23170731707317","0"
"1991-92","1610612738","Boston Celtics","82","51","31","0.6219512195121951","43.207317073170735","87.7560975609756","0.49235686492495834","18.890243902439025","23.378048780487806","0.8080333854981743","106.64634146341463","0"
"1991-92","1610612739","Cleveland Cavaliers","82","57","25","0.6951219512195121","41.792682926829265","85.67073170731707","0.4878291814946619","22.182926829268293","27.548780487804876","0.8052235502434706","108.85365853658537","0"
"1991-92","1610612741","Chicago Bulls","82","67","15","0.8170731707317073","44.426829268292686","87.41463414634147","0.5082310267857143","19.353658536585368","26.0","0.7443714821763602","109.89024390243902","1"
"1991-92","1610612742","Dallas Mavericks","82","22","60","0.2682926829268293","38.048780487804876","86.63414634146342","0.4391891891891892","18.28048780487805","24.378048780487806","0.7498749374687343","97.64634146341463","0"
"1991-92","1610612743","Denver Nuggets","82","24","58","0.2926829268292683","39.78048780487805","90.0","0.4420054200542005","18.609756097560975","25.20731707317073","0.7382680212868892","99.70731707317073","0"
"1991-92","1610612744","Golden State Warriors","82","55","27","0.6707317073170732","45.9390243902439","90.57317073170732","0.5072034468829945","23.70731707317073","31.78048780487805","0.7459708365310821","118.6829268292683","0"
"1991-92","1610612745","Houston Rockets","82","42","40","0.5121951219512195","39.91463414634146","84.07317073170732","0.47476066144473456","18.182926829268293","24.634146341463413","0.7381188118811881","102.02439024390245","0"
"1991-92","1610612746","Los Angeles Clippers","82","45","37","0.5487804878048781","40.81707317073171","86.29268292682927","0.4730073487846241","19.524390243902438","27.109756097560975","0.7201979307242465","102.92682926829268","0"
"1991-92","1610612747","Los Angeles Lakers","82","43","39","0.524390243902439","38.81707317073171","85.08536585365853","0.45621327218002006","21.26829268292683","27.78048780487805","0.7655838454784899","100.35365853658537","0"
"1991-92","1610612748","Miami Heat","82","38","44","0.4634146341463415","39.707317073170735","86.10975609756098","0.4611244866166265","22.426829268292682","28.402439024390244","0.7896092743666809","104.97560975609755","0"
"1991-92","1610612749","Milwaukee Bucks","82","31","51","0.3780487804878049","40.5","88.0","0.4602272727272727","19.451219512195124","25.658536585365855","0.7580798479087453","104.97560975609755","0"
"1991-92","1610612750","Minnesota Timberwolves","82","15","67","0.18292682926829268","41.048780487804876","89.53658536585365","0.4584581857804413","16.817073170731707","22.646341463414632","0.7425955842757135","100.45121951219512","0"
"1991-92","1610612751","New Jersey Nets","82","40","42","0.4878048780487805","42.353658536585364","92.4390243902439","0.45817941952506597","17.9390243902439","24.5","0.7322050771528124","105.3780487804878","0"
"1991-92","1610612752","New York Knicks","82","51","31","0.6219512195121951","40.390243902439025","84.71951219512195","0.476752555059738","18.329268292682926","24.98780487804878","0.7335285505124451","101.5609756097561","0"
"1991-92","1610612753","Orlando Magic","82","21","61","0.25609756097560976","39.26829268292683","86.60975609756098","0.4533934103069558","20.646341463414632","27.658536585365855","0.7464726631393298","101.58536585365853","0"
"1991-92","1610612754","Indiana Pacers","82","40","42","0.4878048780487805","42.65853658536585","86.32926829268293","0.4941375900550925","22.78048780487805","28.829268292682926","0.7901861252115059","112.15853658536585","0"
"1991-92","1610612755","Philadelphia 76ers","82","35","47","0.4268292682926829","38.86585365853659","82.45121951219512","0.47137997337671944","21.426829268292682","27.646341463414632","0.7750330833700926","101.92682926829268","0"
"1991-92","1610612756","Phoenix Suns","82","53","29","0.6463414634146342","43.329268292682926","88.03658536585365","0.4921734312231611","22.695121951219512","29.23170731707317","0.7763871506049228","112.1219512195122","0"
"1991-92","1610612757","Portland Trail Blazers","82","57","25","0.6951219512195121","42.390243902439025","89.65853658536585","0.47279651795429817","22.658536585365855","30.036585365853657","0.7543645960211125","111.40243902439025","0"
"1991-92","1610612758","Sacramento Kings","82","29","53","0.35365853658536583","40.829268292682926","87.67073170731707","0.46571150368618724","19.695121951219512","26.365853658536587","0.7469935245143385","104.2560975609756","0"
"1991-92","1610612759","San Antonio Spurs","82","47","35","0.573170731707317","41.18292682926829","86.46341463414635","0.4763046544428773","20.146341463414632","27.390243902439025","0.7355298308103295","103.95121951219512","0"
"1991-92","1610612760","Seattle SuperSonics","82","47","35","0.573170731707317","41.21951219512195","86.92682926829268","0.47418630751964086","21.609756097560975","27.597560975609756","0.7830313742819266","106.54878048780488","0"
"1991-92","1610612762","Utah Jazz","82","55","27","0.6707317073170732","41.207317073170735","83.73170731707317","0.492135158753277","23.914634146341463","30.365853658536587","0.7875502008032128","108.2560975609756","0"
"1991-92","1610612764","Washington Bullets","82","25","57","0.3048780487804878","41.02439024390244","89.03658536585365","0.46075880016436105","18.548780487804876","23.853658536585368","0.7776073619631901","102.3780487804878","0"
"1991-92","1610612765","Detroit Pistons","82","48","34","0.5853658536585366","38.91463414634146","83.7439024390244","0.4646861802825106","19.097560975609756","25.70731707317073","0.7428842504743833","98.9390243902439","0"
"1991-92","1610612766","Charlotte Hornets","82","31","51","0.3780487804878049","44.0609756097561","92.29268292682927","0.47740486257928116","19.963414634146343","26.4390243902439","0.7550738007380073","109.51219512195122","0"
"1992-93","1610612737","Atlanta Hawks","82","43","39","0.524390243902439","41.36585365853659","88.6829268292683","0.46644664466446645","20.097560975609756","27.085365853658537","0.7420081044574516","107.48780487804878","0"
"1992-93","1610612738","Boston Celtics","82","48","34","0.5853658536585366","42.109756097560975","86.5","0.4868179895671789","18.121951219512194","23.317073170731707","0.7771966527196653","103.6829268292683","0"
"1992-93","1610612739","Cleveland Cavaliers","82","54","28","0.6585365853658537","41.76829268292683","83.98780487804878","0.49731377958472484","20.71951219512195","25.841463414634145","0.8017932987258141","107.70731707317073","0"
"1992-93","1610612741","Chicago Bulls","82","57","25","0.6951219512195121","42.3780487804878","87.86585365853658","0.4823039555863983","17.451219512195124","23.804878048780488","0.733094262295082","105.1829268292683","1"
"1992-93","1610612742","Dallas Mavericks","82","11","71","0.13414634146341464","38.58536585365854","88.67073170731707","0.4351533489203686","18.658536585365855","26.475609756097562","0.7047443574389682","99.28048780487805","0"
"1992-93","1610612743","Denver Nuggets","82","36","46","0.43902439024390244","40.8780487804878","88.8048780487805","0.46031310079648446","21.75609756097561","28.78048780487805","0.7559322033898305","105.1951219512195","0"
"1992-93","1610612744","Golden State Warriors","82","34","48","0.4146341463414634","42.36585365853659","87.95121951219512","0.48169717138103163","21.5609756097561","30.0609756097561","0.7172413793103448","109.92682926829268","0"
"1992-93","1610612745","Houston Rockets","82","55","27","0.6707317073170732","40.0","82.2439024390244","0.4863582443653618","19.317073170731707","25.48780487804878","0.7578947368421053","104.03658536585365","0"
"1992-93","1610612746","Los Angeles Clippers","82","41","41","0.5","43.21951219512195","89.3780487804878","0.4835584663664893","19.048780487804876","26.548780487804876","0.7175011483693156","107.10975609756098","0"
"1992-93","1610612747","Los Angeles Lakers","82","39","43","0.47560975609756095","40.353658536585364","85.29268292682927","0.473119816985988","21.23170731707317","28.097560975609756","0.7556423611111112","104.21951219512195","0"
"1992-93","1610612748","Miami Heat","82","36","46","0.43902439024390244","38.13414634146341","83.53658536585365","0.4564963503649635","23.26829268292683","30.195121951219512","0.7705977382875606","103.59756097560975","0"
"1992-93","1610612749","Milwaukee Bucks","82","28","54","0.34146341463414637","39.853658536585364","84.4390243902439","0.4719815135759676","18.829268292682926","25.378048780487806","0.7419509851033157","102.34146341463415","0"
"1992-93","1610612750","Minnesota Timberwolves","82","19","63","0.23170731707317074","37.109756097560975","79.6219512195122","0.46607443712666563","21.878048780487806","27.402439024390244","0.7983978638184246","98.1219512195122","0"
"1992-93","1610612751","New Jersey Nets","82","43","39","0.524390243902439","39.90243902439025","86.39024390243902","0.4618859401468097","21.121951219512194","27.536585365853657","0.7670504871567759","102.8170731707317","0"
"1992-93","1610612752","New York Knicks","82","60","22","0.7317073170731707","39.13414634146341","84.1219512195122","0.46520730646564223","20.9390243902439","28.24390243902439","0.7413644214162349","101.5609756097561","0"
"1992-93","1610612753","Orlando Magic","82","41","41","0.5","39.71951219512195","81.8048780487805","0.48553965414430533","22.20731707317073","30.426829268292682","0.7298597194388777","105.51219512195122","0"
"1992-93","1610612754","Indiana Pacers","82","41","41","0.5","41.109756097560975","85.63414634146342","0.48006266021076616","22.402439024390244","29.25609756097561","0.7657357232180075","107.7560975609756","0"
"1992-93","1610612755","Philadelphia 76ers","82","26","56","0.3170731707317073","39.329268292682926","86.28048780487805","0.4558303886925795","21.658536585365855","27.548780487804876","0.7861885790172642","104.34146341463415","0"
"1992-93","1610612756","Phoenix Suns","82","62","20","0.7560975609756098","42.609756097560975","86.5","0.49259833638798817","23.317073170731707","30.963414634146343","0.753052382827885","113.39024390243902","0"
"1992-93","1610612757","Portland Trail Blazers","82","51","31","0.6219512195121951","40.98780487804878","89.53658536585365","0.4577771724325797","23.182926829268293","31.121951219512194","0.7449059561128527","108.51219512195122","0"
"1992-93","1610612758","Sacramento Kings","82","25","57","0.3048780487804878","40.97560975609756","88.58536585365853","0.46255506607929514","22.74390243902439","29.841463414634145","0.7621577441765427","107.89024390243902","0"
"1992-93","1610612759","San Antonio Spurs","82","49","33","0.5975609756097561","40.3780487804878","82.46341463414635","0.489648033126294","21.878048780487806","28.609756097560975","0.7647058823529411","105.51219512195122","0"
"1992-93","1610612760","Seattle SuperSonics","82","55","27","0.6707317073170732","42.353658536585364","87.07317073170732","0.4864145658263305","20.975609756097562","27.548780487804876","0.7613988490482514","108.34146341463415","0"
"1992-93","1610612762","Utah Jazz","82","47","35","0.573170731707317","40.68292682926829","83.26829268292683","0.48857644991212656","23.25609756097561","30.378048780487806","0.7655560016057809","106.20731707317073","0"
"1992-93","1610612764","Washington Bullets","82","22","60","0.2682926829268293","40.26829268292683","86.15853658536585","0.46737438075017695","19.20731707317073","25.695121951219512","0.7475083056478405","101.86585365853658","0"
"1992-93","1610612765","Detroit Pistons","82","40","42","0.4878048780487805","39.84146341463415","87.9390243902439","0.45305782831784774","17.390243902439025","23.865853658536587","0.7286663260091978","100.63414634146342","0"
"1992-93","1610612766","Charlotte Hornets","82","44","38","0.5365853658536586","42.829268292682926","87.92682926829268","0.4871012482662968","22.329268292682926","28.951219512195124","0.7712721145745577","110.1219512195122","0"
"1993-94","1610612737","Atlanta Hawks","82","57","25","0.6951219512195121","39.59756097560975","85.84146341463415","0.4612871146469669","18.975609756097562","25.24390243902439","0.7516908212560387","101.4390243902439","0"
"1993-94","1610612738","Boston Celtics","82","32","50","0.3902439024390244","40.646341463414636","86.0609756097561","0.4722970100609324","17.841463414634145","24.426829268292682","0.7304043934098852","100.8170731707317","0"
"1993-94","1610612739","Cleveland Cavaliers","82","47","35","0.573170731707317","38.207317073170735","82.08536585365853","0.4654583271430694","21.170731707317074","27.48780487804878","0.7701863354037267","101.17073170731707","0"
"1993-94","1610612741","Chicago Bulls","82","55","27","0.6707317073170732","39.573170731707314","83.10975609756098","0.4761555392516508","15.975609756097562","22.670731707317074","0.7046799354491662","97.96341463414635","0"
"1993-94","1610612742","Dallas Mavericks","82","13","69","0.15853658536585366","37.25609756097561","86.21951219512195","0.4321074964639321","17.682926829268293","23.682926829268293","0.7466529351184346","95.13414634146342","0"
"1993-94","1610612743","Denver Nuggets","82","42","40","0.5121951219512195","38.48780487804878","82.6951219512195","0.46541807992921397","21.20731707317073","29.548780487804876","0.717705323978539","100.2560975609756","0"
"1993-94","1610612744","Golden State Warriors","82","50","32","0.6097560975609756","42.829268292682926","87.13414634146342","0.49153254023792864","18.646341463414632","28.097560975609756","0.6636284722222222","107.85365853658537","0"
"1993-94","1610612745","Houston Rockets","82","58","24","0.7073170731707317","38.98780487804878","82.10975609756098","0.4748254864102183","17.914634146341463","24.121951219512194","0.7426693629929222","101.1219512195122","1"
"1993-94","1610612746","Los Angeles Clippers","82","27","55","0.32926829268292684","40.76829268292683","87.35365853658537","0.46670389501605475","18.402439024390244","25.951219512195124","0.7091165413533834","103.01219512195122","0"
"1993-94","1610612747","Los Angeles Lakers","82","33","49","0.4024390243902439","40.13414634146341","89.21951219512195","0.44983597594313834","17.195121951219512","23.98780487804878","0.7168276563294357","100.40243902439025","0"
"1993-94","1610612748","Miami Heat","82","42","40","0.5121951219512195","38.98780487804878","84.09756097560975","0.46360208816705334","21.26829268292683","27.109756097560975","0.7845254161043634","103.35365853658537","0"
"1993-94","1610612749","Milwaukee Bucks","82","20","62","0.24390243902439024","37.1219512195122","83.01219512195122","0.4471867195534009","18.658536585365855","26.597560975609756","0.7015130674002751","96.9390243902439","0"
"1993-94","1610612750","Minnesota Timberwolves","82","20","62","0.24390243902439024","36.40243902439025","79.6951219512195","0.4567712318286152","21.670731707317074","28.085365853658537","0.7716022579244464","96.70731707317073","0"
"1993-94","1610612751","New Jersey Nets","82","45","37","0.5487804878048781","38.646341463414636","86.76829268292683","0.4453970484891075","23.170731707317074","30.426829268292682","0.7615230460921844","103.1829268292683","0"
"1993-94","1610612752","New York Knicks","82","57","25","0.6951219512195121","37.78048780487805","82.13414634146342","0.459985152190052","19.073170731707318","25.573170731707318","0.7458273724368145","98.48780487804878","0"
"1993-94","1610612753","Orlando Magic","82","50","32","0.6097560975609756","40.74390243902439","83.9390243902439","0.48539880865901497","19.390243902439025","28.609756097560975","0.6777493606138107","105.6829268292683","0"
"1993-94","1610612754","Indiana Pacers","82","47","35","0.573170731707317","38.6219512195122","79.46341463414635","0.4860343769183548","21.48780487804878","29.109756097560975","0.7381650607457059","100.97560975609755","0"
"1993-94","1610612755","Philadelphia 76ers","82","25","57","0.3048780487804878","37.84146341463415","83.15853658536585","0.4550520604194163","18.402439024390244","25.75609756097561","0.7144886363636364","97.96341463414635","0"
"1993-94","1610612756","Phoenix Suns","82","56","26","0.6829268292682927","41.81707317073171","86.34146341463415","0.4843220338983051","20.414634146341463","28.0609756097561","0.727509778357236","108.2439024390244","0"
"1993-94","1610612757","Portland Trail Blazers","82","47","35","0.573170731707317","41.109756097560975","90.57317073170732","0.4538844755621381","21.71951219512195","29.21951219512195","0.743322203672788","107.2560975609756","0"
"1993-94","1610612758","Sacramento Kings","82","28","54","0.34146341463414637","38.76829268292683","85.6951219512195","0.45239789383805323","20.4390243902439","27.951219512195124","0.731239092495637","101.10975609756098","0"
"1993-94","1610612759","San Antonio Spurs","82","55","27","0.6707317073170732","38.75609756097561","81.5609756097561","0.4751794258373206","19.475609756097562","26.23170731707317","0.7424453742445374","100.02439024390245","0"
"1993-94","1610612760","Seattle SuperSonics","82","63","19","0.7682926829268293","40.707317073170735","84.15853658536585","0.4836980147804666","21.573170731707318","28.951219512195124","0.7451558550968829","105.9390243902439","0"
"1993-94","1610612762","Utah Jazz","82","53","29","0.6463414634146342","39.109756097560975","82.0609756097561","0.47659384752563533","21.475609756097562","29.01219512195122","0.7402269861286255","101.8780487804878","0"
"1993-94","1610612764","Washington Bullets","82","24","58","0.2926829268292683","38.96341463414634","83.2439024390244","0.46806328743041314","19.73170731707317","26.365853658536587","0.7483811285846439","100.35365853658537","0"
"1993-94","1610612765","Detroit Pistons","82","20","62","0.24390243902439024","38.646341463414636","85.57317073170732","0.4516175003562776","15.28048780487805","20.914634146341463","0.7306122448979592","96.9390243902439","0"
"1993-94","1610612766","Charlotte Hornets","82","41","41","0.5","41.24390243902439","86.58536585365853","0.4763380281690141","19.902439024390244","26.036585365853657","0.7644028103044497","106.48780487804878","0"
"1994-95","1610612737","Atlanta Hawks","82","42","40","0.5121951219512195","36.41463414634146","81.46341463414635","0.4470059880239521","17.195121951219512","23.75609756097561","0.7238193018480493","96.59756097560975","0"
"1994-95","1610612738","Boston Celtics","82","35","47","0.4268292682926829","38.76829268292683","83.5","0.46429093033445307","20.829268292682926","27.658536585365855","0.7530864197530864","102.78048780487805","0"
"1994-95","1610612739","Cleveland Cavaliers","82","43","39","0.524390243902439","33.609756097560975","76.28048780487805","0.44060751398880893","18.378048780487806","24.170731707317074","0.760343087790111","90.45121951219512","0"
"1994-95","1610612741","Chicago Bulls","82","47","35","0.573170731707317","38.91463414634146","81.82926829268293","0.47555886736214603","18.29268292682927","25.182926829268293","0.7263922518159807","101.52439024390245","0"
"1994-95","1610612742","Dallas Mavericks","82","36","46","0.43902439024390244","39.353658536585364","89.53658536585365","0.43952601470988834","19.78048780487805","26.951219512195124","0.7339366515837104","103.1951219512195","0"
"1994-95","1610612743","Denver Nuggets","82","41","41","0.5","37.78048780487805","78.79268292682927","0.4794923386472682","20.73170731707317","28.109756097560975","0.737527114967462","101.32926829268293","0"
"1994-95","1610612744","Golden State Warriors","82","26","56","0.3170731707317073","39.23170731707317","83.8170731707317","0.46806343663611233","20.573170731707318","29.20731707317073","0.704384133611691","105.6951219512195","0"
"1994-95","1610612745","Houston Rockets","82","47","35","0.573170731707317","38.52439024390244","80.23170731707317","0.4801641586867305","18.621951219512194","24.865853658536587","0.7488965179009318","103.54878048780488","1"
"1994-95","1610612746","Los Angeles Clippers","82","17","65","0.2073170731707317","37.31707317073171","84.0","0.4442508710801394","18.0","25.353658536585368","0.70995670995671","96.67073170731707","0"
"1994-95","1610612747","Los Angeles Lakers","82","48","34","0.5853658536585366","40.048780487804876","86.4390243902439","0.4633182844243792","18.573170731707318","25.26829268292683","0.73503861003861","105.07317073170732","0"
"1994-95","1610612748","Miami Heat","82","32","50","0.3902439024390244","38.34146341463415","82.17073170731707","0.4666073018699911","19.134146341463413","26.01219512195122","0.7355836849507735","101.13414634146342","0"
"1994-95","1610612749","Milwaukee Bucks","82","34","48","0.4146341463414634","36.853658536585364","80.3170731707317","0.4588521105375038","19.609756097560975","27.548780487804876","0.7118193891102258","99.34146341463415","0"
"1994-95","1610612750","Minnesota Timberwolves","82","21","61","0.25609756097560976","34.048780487804876","75.84146341463415","0.4489467760090047","22.24390243902439","28.71951219512195","0.7745222929936306","94.21951219512195","0"
"1994-95","1610612751","New Jersey Nets","82","30","52","0.36585365853658536","35.84146341463415","82.17073170731707","0.43618284357376075","21.341463414634145","28.109756097560975","0.7592190889370932","98.07317073170732","0"
"1994-95","1610612752","New York Knicks","82","55","27","0.6707317073170732","36.40243902439025","77.97560975609755","0.4668439161714107","18.926829268292682","25.78048780487805","0.7341532639545885","98.21951219512195","0"
"1994-95","1610612753","Orlando Magic","82","57","25","0.6951219512195121","42.19512195121951","84.13414634146342","0.501521959704305","20.097560975609756","30.0609756097561","0.6685598377281947","110.86585365853658","0"
"1994-95","1610612754","Indiana Pacers","82","52","30","0.6341463414634146","36.3780487804878","76.1951219512195","0.4774327784891165","21.902439024390244","29.146341463414632","0.7514644351464436","99.21951219512195","0"
"1994-95","1610612755","Philadelphia 76ers","82","24","58","0.2926829268292683","35.96341463414634","80.20731707317073","0.44838072069332524","19.109756097560975","25.914634146341463","0.7374117647058823","95.36585365853658","0"
"1994-95","1610612756","Phoenix Suns","82","59","23","0.7195121951219512","40.926829268292686","84.96341463414635","0.4816994402181714","21.670731707317074","28.682926829268293","0.7555272108843537","110.64634146341463","0"
"1994-95","1610612757","Portland Trail Blazers","82","44","38","0.5365853658536586","39.23170731707317","87.0","0.4509391645640594","18.963414634146343","27.195121951219512","0.6973094170403588","103.0609756097561","0"
"1994-95","1610612758","Sacramento Kings","82","39","43","0.47560975609756095","36.890243902439025","78.8170731707317","0.4680488937026149","20.085365853658537","28.25609756097561","0.7108329736728528","98.2439024390244","0"
"1994-95","1610612759","San Antonio Spurs","82","62","20","0.7560975609756098","39.46341463414634","81.54878048780488","0.48392403170330495","22.390243902439025","30.329268292682926","0.738238841978287","106.60975609756098","0"
"1994-95","1610612760","Seattle SuperSonics","82","57","25","0.6951219512195121","40.36585365853659","82.20731707317073","0.4910250704643228","23.70731707317073","31.26829268292683","0.7581903276131046","110.42682926829268","0"
"1994-95","1610612762","Utah Jazz","82","60","22","0.7317073170731707","39.548780487804876","77.3048780487805","0.5115948887837198","23.646341463414632","30.28048780487805","0.7809101892871526","106.41463414634147","0"
"1994-95","1610612764","Washington Bullets","82","21","61","0.25609756097560976","38.73170731707317","84.13414634146342","0.46035657341643715","17.76829268292683","24.548780487804876","0.7237953303527074","100.51219512195122","0"
"1994-95","1610612765","Detroit Pistons","82","28","54","0.34146341463414637","37.31707317073171","80.89024390243902","0.46132971506105835","17.548780487804876","23.670731707317074","0.7413704276146317","98.20731707317073","0"
"1994-95","1610612766","Charlotte Hornets","82","50","32","0.6097560975609756","37.207317073170735","78.51219512195122","0.4739049394221808","19.353658536585368","24.902439024390244","0.777179236043095","100.59756097560975","0"
"1995-96","1610612737","Atlanta Hawks","82","46","36","0.5609756097560976","36.40243902439025","81.28048780487805","0.44786196549137286","18.573170731707318","24.536585365853657","0.7569582504970179","98.28048780487805","0"
"1995-96","1610612738","Boston Celtics","82","33","49","0.4024390243902439","38.573170731707314","84.65853658536585","0.4556323825986747","19.878048780487806","27.853658536585368","0.7136602451838879","103.59756097560975","0"
"1995-96","1610612739","Cleveland Cavaliers","82","47","35","0.573170731707317","33.670731707317074","73.14634146341463","0.46032010670223406","16.524390243902438","21.646341463414632","0.7633802816901408","91.13414634146342","0"
"1995-96","1610612741","Chicago Bulls","82","72","10","0.8780487804878049","40.15853658536585","84.04878048780488","0.4778003482298317","18.23170731707317","24.4390243902439","0.7460079840319361","105.1829268292683","1"
"1995-96","1610612742","Dallas Mavericks","82","26","56","0.3170731707317073","38.09756097560975","90.6219512195122","0.4204010227425649","17.390243902439025","24.085365853658537","0.7220253164556962","102.54878048780488","0"
"1995-96","1610612743","Denver Nuggets","82","35","47","0.4268292682926829","36.59756097560975","81.1829268292683","0.45080366531470634","19.682926829268293","26.5","0.742751955821445","97.71951219512195","0"
"1995-96","1610612744","Golden State Warriors","82","36","46","0.43902439024390244","37.26829268292683","81.70731707317073","0.45611940298507464","21.646341463414632","28.536585365853657","0.7585470085470085","101.63414634146342","0"
"1995-96","1610612745","Houston Rockets","82","48","34","0.5853658536585366","37.53658536585366","80.95121951219512","0.4636938836999096","19.646341463414632","25.682926829268293","0.7649572649572649","102.48780487804878","0"
"1995-96","1610612746","Los Angeles Clippers","82","29","53","0.35365853658536583","38.1219512195122","80.70731707317073","0.47234814143245696","16.975609756097562","24.195121951219512","0.7016129032258065","99.42682926829268","0"
"1995-96","1610612747","Los Angeles Lakers","82","53","29","0.6463414634146342","39.21951219512195","81.78048780487805","0.4795705338502833","18.646341463414632","24.98780487804878","0.7462176671547096","102.90243902439025","0"
"1995-96","1610612748","Miami Heat","82","42","40","0.5121951219512195","35.390243902439025","77.41463414634147","0.4571518588531821","18.9390243902439","26.670731707317074","0.7101051668952904","96.45121951219512","0"
"1995-96","1610612749","Milwaukee Bucks","82","25","57","0.3048780487804878","37.0","79.14634146341463","0.4674884437596302","17.21951219512195","23.341463414634145","0.7377220480668757","95.57317073170732","0"
"1995-96","1610612750","Minnesota Timberwolves","82","26","56","0.3170731707317073","36.26829268292683","79.03658536585365","0.45887980249961424","21.914634146341463","28.21951219512195","0.7765773552290406","97.85365853658537","0"
"1995-96","1610612751","New Jersey Nets","82","30","52","0.36585365853658536","35.13414634146341","82.3170731707317","0.4268148148148148","20.390243902439025","27.365853658536587","0.7450980392156863","93.70731707317073","0"
"1995-96","1610612752","New York Knicks","82","47","35","0.573170731707317","36.6219512195122","77.82926829268293","0.4705421497963021","18.048780487804876","23.829268292682926","0.7574206755373593","97.20731707317073","0"
"1995-96","1610612753","Orlando Magic","82","60","22","0.7317073170731707","39.0609756097561","80.97560975609755","0.4823795180722892","18.817073170731707","27.21951219512195","0.6913082437275986","104.52439024390245","0"
"1995-96","1610612754","Indiana Pacers","82","52","30","0.6341463414634146","36.329268292682926","75.67073170731707","0.48009669621273166","22.23170731707317","29.463414634146343","0.7545529801324503","99.3170731707317","0"
"1995-96","1610612755","Philadelphia 76ers","82","18","64","0.21951219512195122","34.09756097560975","78.26829268292683","0.43564973511997507","20.26829268292683","27.597560975609756","0.7344233318603623","94.46341463414635","0"
"1995-96","1610612756","Phoenix Suns","82","41","41","0.5","38.52439024390244","81.3780487804878","0.47340026974374344","23.25609756097561","30.146341463414632","0.7714401294498382","104.29268292682927","0"
"1995-96","1610612757","Portland Trail Blazers","82","44","38","0.5365853658536586","37.36585365853659","81.5609756097561","0.458133971291866","18.74390243902439","28.304878048780488","0.6622145626884963","99.32926829268293","0"
"1995-96","1610612758","Sacramento Kings","82","39","43","0.47560975609756095","36.23170731707317","79.1951219512195","0.45749923005851556","21.451219512195124","29.353658536585368","0.7307852098047362","99.54878048780488","0"
"1995-96","1610612759","San Antonio Spurs","82","59","23","0.7195121951219512","38.390243902439025","80.51219512195122","0.47682520448348986","20.28048780487805","27.573170731707318","0.735515258735073","103.3780487804878","0"
"1995-96","1610612760","Seattle SuperSonics","82","64","18","0.7804878048780488","37.48780487804878","78.0609756097561","0.48023746289642244","22.475609756097562","29.5609756097561","0.7603135313531353","104.53658536585365","0"
"1995-96","1610612761","Toronto Raptors","82","21","61","0.25609756097560976","37.609756097560975","80.46341463414635","0.4674143679903001","17.21951219512195","23.817073170731707","0.7229902713773682","97.48780487804878","0"
"1995-96","1610612762","Utah Jazz","82","55","27","0.6707317073170732","38.15853658536585","78.2560975609756","0.48761103319308086","21.573170731707318","28.073170731707318","0.768462206776716","102.48780487804878","0"
"1995-96","1610612763","Vancouver Grizzlies","82","15","67","0.18292682926829268","33.80487804878049","79.0609756097561","0.42757982415548357","17.634146341463413","24.365853658536587","0.7237237237237237","89.78048780487805","0"
"1995-96","1610612764","Washington Bullets","82","39","43","0.47560975609756095","39.048780487804876","80.70731707317073","0.4838319734058628","18.426829268292682","25.317073170731707","0.7278420038535646","102.53658536585365","0"
"1995-96","1610612765","Detroit Pistons","82","46","36","0.5609756097560976","34.26829268292683","74.65853658536585","0.45900032669062396","20.20731707317073","26.902439024390244","0.7511332728921124","95.39024390243902","0"
"1995-96","1610612766","Charlotte Hornets","82","41","41","0.5","37.90243902439025","80.70731707317073","0.4696282864913871","19.890243902439025","25.841463414634145","0.7697026899480888","102.8170731707317","0"
"1996-97","1610612737","Atlanta Hawks","82","56","26","0.6829268292682927","34.292682926829265","76.91463414634147","0.44585381322340256","18.182926829268293","23.841463414634145","0.7626598465473146","94.8048780487805","0"
"1996-97","1610612738","Boston Celtics","82","15","67","0.18292682926829268","37.390243902439025","84.96341463414635","0.44007463757714943","20.109756097560975","26.817073170731707","0.7498863119599818","100.58536585365853","0"
"1996-97","1610612739","Cleveland Cavaliers","82","42","40","0.5121951219512195","33.01219512195122","72.9390243902439","0.4525998996823274","15.634146341463415","21.621951219512194","0.7230682459108855","87.5609756097561","0"
"1996-97","1610612741","Chicago Bulls","82","69","13","0.8414634146341463","39.96341463414634","84.42682926829268","0.4733497038855987","16.841463414634145","22.536585365853657","0.7472943722943723","103.14634146341463","1"
"1996-97","1610612742","Dallas Mavericks","82","24","58","0.2926829268292683","34.30487804878049","78.6829268292683","0.43598884066955984","16.76829268292683","23.390243902439025","0.7168925964546402","90.6219512195122","0"
"1996-97","1610612743","Denver Nuggets","82","21","61","0.25609756097560976","35.74390243902439","81.4390243902439","0.4389038634321653","18.48780487804878","24.29268292682927","0.7610441767068273","97.71951219512195","0"
"1996-97","1610612744","Golden State Warriors","82","30","52","0.36585365853658536","36.548780487804876","80.08536585365853","0.4563727729556875","20.682926829268293","26.585365853658537","0.7779816513761468","99.64634146341463","0"
"1996-97","1610612745","Houston Rockets","82","57","25","0.6951219512195121","37.03658536585366","79.07317073170732","0.46838371375694016","18.329268292682926","24.29268292682927","0.7545180722891566","100.58536585365853","0"
"1996-97","1610612746","Los Angeles Clippers","82","36","46","0.43902439024390244","36.451219512195124","81.65853658536585","0.4463859020310633","18.5","25.29268292682927","0.7314368370298939","97.1829268292683","0"
"1996-97","1610612747","Los Angeles Lakers","82","56","26","0.6829268292682927","36.80487804878049","81.0","0.45438121047877145","19.670731707317074","28.414634146341463","0.6922746781115879","100.0","0"
"1996-97","1610612748","Miami Heat","82","61","21","0.7439024390243902","34.41463414634146","76.03658536585365","0.4526062550120289","17.73170731707317","24.658536585365855","0.7190900098911969","94.82926829268293","0"
"1996-97","1610612749","Milwaukee Bucks","82","33","49","0.4024390243902439","36.18292682926829","76.86585365853658","0.47072822465492625","19.024390243902438","25.658536585365855","0.7414448669201521","95.34146341463415","0"
"1996-97","1610612750","Minnesota Timberwolves","82","40","42","0.4878048780487805","35.81707317073171","78.48780487804878","0.45633934120571784","19.963414634146343","26.585365853658537","0.7509174311926605","96.1219512195122","0"
"1996-97","1610612751","New Jersey Nets","82","26","56","0.3170731707317073","36.51219512195122","86.47560975609755","0.4222253560851784","18.317073170731707","24.76829268292683","0.7395371738060069","97.2439024390244","0"
"1996-97","1610612752","New York Knicks","82","57","25","0.6951219512195121","35.146341463414636","75.9390243902439","0.46282318933675926","19.329268292682926","25.841463414634145","0.7479943369513922","95.35365853658537","0"
"1996-97","1610612753","Orlando Magic","82","45","37","0.5487804878048781","34.6219512195122","79.23170731707317","0.436970909650608","17.975609756097562","24.085365853658537","0.7463291139240507","94.13414634146342","0"
"1996-97","1610612754","Indiana Pacers","82","39","43","0.47560975609756095","34.76829268292683","76.26829268292683","0.4558682443236329","20.573170731707318","28.48780487804878","0.7221746575342466","95.35365853658537","0"
"1996-97","1610612755","Philadelphia 76ers","82","22","60","0.2682926829268293","36.6219512195122","83.53658536585365","0.4383941605839416","21.658536585365855","29.878048780487806","0.7248979591836735","100.1829268292683","0"
"1996-97","1610612756","Phoenix Suns","82","40","42","0.4878048780487805","38.329268292682926","81.76829268292683","0.46875466070096944","19.73170731707317","25.914634146341463","0.7614117647058823","102.8170731707317","0"
"1996-97","1610612757","Portland Trail Blazers","82","49","33","0.5975609756097561","36.58536585365854","78.84146341463415","0.46403712296983757","19.670731707317074","27.573170731707318","0.7134011499336577","98.95121951219512","0"
"1996-97","1610612758","Sacramento Kings","82","34","48","0.4146341463414634","36.58536585365854","80.6219512195122","0.45378913931326575","18.21951219512195","25.20731707317073","0.7227866473149492","96.4390243902439","0"
"1996-97","1610612759","San Antonio Spurs","82","20","62","0.24390243902439024","34.47560975609756","77.9390243902439","0.4423407917383821","16.902439024390244","23.524390243902438","0.71850699844479","90.46341463414635","0"
"1996-97","1610612760","Seattle SuperSonics","82","57","25","0.6951219512195121","36.52439024390244","78.23170731707317","0.46687451286048326","21.036585365853657","27.98780487804878","0.7516339869281046","100.90243902439025","0"
"1996-97","1610612761","Toronto Raptors","82","30","52","0.36585365853658536","35.329268292682926","80.8780487804878","0.4368214716525935","17.634146341463413","24.48780487804878","0.7201195219123506","95.47560975609755","0"
"1996-97","1610612762","Utah Jazz","82","64","18","0.7804878048780488","38.18292682926829","75.8170731707317","0.5036191088949654","22.658536585365855","29.463414634146343","0.7690397350993378","103.09756097560975","0"
"1996-97","1610612763","Vancouver Grizzlies","82","14","68","0.17073170731707318","34.3780487804878","78.6951219512195","0.43685107701844106","15.0","21.146341463414632","0.7093425605536332","89.1829268292683","0"
"1996-97","1610612764","Washington Bullets","82","44","38","0.5365853658536586","39.1219512195122","81.4390243902439","0.4803833483078766","17.073170731707318","24.134146341463413","0.7074279939363315","99.35365853658537","0"
"1996-97","1610612765","Detroit Pistons","82","54","28","0.6585365853658537","34.47560975609756","74.32926829268293","0.4638228055783429","18.134146341463413","24.329268292682926","0.7453634085213032","94.1829268292683","0"
"1996-97","1610612766","Charlotte Hornets","82","54","28","0.6585365853658537","36.4390243902439","77.34146341463415","0.47114474929044464","18.79268292682927","24.195121951219512","0.7767137096774194","98.8780487804878","0"
"1997-98","1610612737","Atlanta Hawks","82","50","32","0.6097560975609756","35.207317073170735","77.46341463414635","0.45450251889168763","21.329268292682926","28.21951219512195","0.7558340535868626","95.85365853658537","0"
"1997-98","1610612738","Boston Celtics","82","36","46","0.43902439024390244","36.73170731707317","84.5609756097561","0.4343813094894722","17.378048780487806","23.951219512195124","0.7255600814663951","95.90243902439025","0"
"1997-98","1610612739","Cleveland Cavaliers","82","47","35","0.573170731707317","34.353658536585364","75.6951219512195","0.45384243595940066","20.158536585365855","26.670731707317074","0.7558299039780522","92.5","0"
"1997-98","1610612741","Chicago Bulls","82","62","20","0.7560975609756098","37.36585365853659","82.9390243902439","0.45052198206146155","18.195121951219512","24.5","0.7426580388252862","96.71951219512195","1"
"1997-98","1610612742","Dallas Mavericks","82","20","62","0.24390243902439024","35.146341463414636","82.36585365853658","0.42671009771986973","15.951219512195122","21.195121951219512","0.7525891829689298","91.39024390243902","0"
"1997-98","1610612743","Denver Nuggets","82","11","71","0.13414634146341464","32.646341463414636","78.1951219512195","0.41749844042420464","20.21951219512195","26.182926829268293","0.7722403353516535","89.02439024390245","0"
"1997-98","1610612744","Golden State Warriors","82","19","63","0.23170731707317074","34.69512195121951","83.9390243902439","0.41333720761295945","16.5609756097561","23.317073170731707","0.7102510460251046","88.2560975609756","0"
"1997-98","1610612745","Houston Rockets","82","41","41","0.5","35.926829268292686","79.42682926829268","0.45232611699677566","19.926829268292682","25.853658536585368","0.7707547169811321","98.76829268292683","0"
"1997-98","1610612746","Los Angeles Clippers","82","17","65","0.2073170731707317","35.73170731707317","81.58536585365853","0.43796711509715996","18.048780487804876","24.963414634146343","0.723009281875916","95.91463414634147","0"
"1997-98","1610612747","Los Angeles Lakers","82","61","21","0.7439024390243902","38.36585365853659","79.70731707317073","0.4813341493268054","22.71951219512195","33.451219512195124","0.6791833758658403","105.51219512195122","0"
"1997-98","1610612748","Miami Heat","82","55","27","0.6707317073170732","34.75609756097561","77.15853658536585","0.45045045045045046","18.76829268292683","25.390243902439025","0.739193083573487","94.96341463414635","0"
"1997-98","1610612749","Milwaukee Bucks","82","36","46","0.43902439024390244","35.58536585365854","78.03658536585365","0.45600875136740116","20.28048780487805","26.426829268292682","0.7674203968620212","94.48780487804878","0"
"1997-98","1610612750","Minnesota Timberwolves","82","45","37","0.5487804878048781","38.5","83.46341463414635","0.4612799532437171","20.402439024390244","27.475609756097562","0.7425654682645362","101.09756097560975","0"
"1997-98","1610612751","New Jersey Nets","82","43","39","0.524390243902439","37.25609756097561","84.48780487804878","0.44096420323325636","21.341463414634145","28.670731707317074","0.7443641003828159","99.63414634146342","0"
"1997-98","1610612752","New York Knicks","82","43","39","0.524390243902439","34.926829268292686","78.20731707317073","0.44659285825666617","17.0609756097561","22.097560975609756","0.772075055187638","91.57317073170732","0"
"1997-98","1610612753","Orlando Magic","82","41","41","0.5","33.792682926829265","78.71951219512195","0.42927962819519755","18.926829268292682","26.073170731707318","0.725912067352666","90.08536585365853","0"
"1997-98","1610612754","Indiana Pacers","82","58","24","0.7073170731707317","35.6219512195122","75.89024390243902","0.46938775510204084","19.890243902439025","26.048780487804876","0.7635767790262172","96.02439024390245","0"
"1997-98","1610612755","Philadelphia 76ers","82","31","51","0.3780487804878049","34.59756097560975","78.15853658536585","0.44265876111717894","21.146341463414632","28.682926829268293","0.7372448979591837","93.3048780487805","0"
"1997-98","1610612756","Phoenix Suns","82","56","26","0.6829268292682927","38.26829268292683","81.82926829268293","0.4676602086438152","17.79268292682927","23.75609756097561","0.7489733059548255","99.58536585365853","0"
"1997-98","1610612757","Portland Trail Blazers","82","46","36","0.5609756097560976","35.18292682926829","78.01219512195122","0.4509926528060028","20.0","27.146341463414632","0.7367475292003594","94.3170731707317","0"
"1997-98","1610612758","Sacramento Kings","82","27","55","0.32926829268292684","36.0609756097561","81.51219512195122","0.4423997606223818","17.5609756097561","25.5609756097561","0.6870229007633588","93.13414634146342","0"
"1997-98","1610612759","San Antonio Spurs","82","56","26","0.6829268292682927","35.34146341463415","75.45121951219512","0.4684014869888476","18.158536585365855","26.390243902439025","0.6880776340110906","92.52439024390245","0"
"1997-98","1610612760","Seattle SuperSonics","82","61","21","0.7439024390243902","37.21951219512195","78.7560975609756","0.47259213378755033","18.548780487804876","25.71951219512195","0.7211948790896159","100.5609756097561","0"
"1997-98","1610612761","Toronto Raptors","82","16","66","0.1951219512195122","36.15853658536585","83.08536585365853","0.4351974167033612","18.036585365853657","25.121951219512194","0.7179611650485437","94.89024390243902","0"
"1997-98","1610612762","Utah Jazz","82","62","20","0.7560975609756098","36.5","74.54878048780488","0.4896123016522166","24.926829268292682","32.24390243902439","0.773071104387292","100.96341463414635","0"
"1997-98","1610612763","Vancouver Grizzlies","82","19","63","0.23170731707317074","36.65853658536585","80.08536585365853","0.4577432617633623","19.341463414634145","26.158536585365855","0.7393939393939394","96.6219512195122","0"
"1997-98","1610612764","Washington Wizards","82","42","40","0.5121951219512195","37.5609756097561","83.0609756097561","0.4522096608427544","18.158536585365855","26.29268292682927","0.6906307977736549","97.1829268292683","0"
"1997-98","1610612765","Detroit Pistons","82","37","45","0.45121951219512196","34.90243902439025","77.71951219512195","0.44908206496155656","20.78048780487805","27.902439024390244","0.7447552447552448","94.15853658536585","0"
"1997-98","1610612766","Charlotte Hornets","82","51","31","0.6219512195121951","36.19512195121951","77.36585365853658","0.467843631778058","20.01219512195122","26.658536585365855","0.7506861848124429","96.6219512195122","0"
"1998-99","1610612737","Atlanta Hawks","50","31","19","0.62","30.78","75.2","0.4093085106382979","20.8","28.44","0.7313642756680732","86.3","0"
"1998-99","1610612738","Boston Celtics","50","19","31","0.38","36.32","83.28","0.43611911623439004","14.9","21.54","0.691736304549675","93.0","0"
"1998-99","1610612739","Cleveland Cavaliers","50","22","28","0.44","31.24","71.22","0.4386408312271834","20.32","27.12","0.7492625368731564","86.44","0"
"1998-99","1610612741","Chicago Bulls","50","13","37","0.26","30.78","76.74","0.40109460516028145","16.8","23.7","0.7088607594936709","81.9","0"
"1998-99","1610612742","Dallas Mavericks","50","19","31","0.38","34.98","80.66","0.4336722043144062","17.62","24.2","0.728099173553719","91.62","0"
"1998-99","1610612743","Denver Nuggets","50","14","36","0.28","33.62","79.78","0.42140887440461267","20.2","26.5","0.7622641509433963","93.48","0"
"1998-99","1610612744","Golden State Warriors","50","21","29","0.42","34.6","83.46","0.41456985382219025","15.88","23.5","0.6757446808510639","88.32","0"
"1998-99","1610612745","Houston Rockets","50","31","19","0.62","35.1","75.96","0.46208530805687204","17.3","23.74","0.7287278854254423","94.22","0"
"1998-99","1610612746","Los Angeles Clippers","50","9","41","0.18","34.22","80.14","0.42700274519590714","17.66","24.5","0.7208163265306122","90.38","0"
"1998-99","1610612747","Los Angeles Lakers","50","31","19","0.62","36.82","78.7","0.4678526048284625","20.54","30.06","0.6833000665335994","99.0","0"
"1998-99","1610612748","Miami Heat","50","33","17","0.66","32.32","71.3","0.4532959326788219","18.56","25.24","0.7353407290015848","88.98","0"
"1998-99","1610612749","Milwaukee Bucks","50","28","22","0.56","35.06","76.36","0.45914091147197483","16.94","23.1","0.7333333333333333","91.68","0"
"1998-99","1610612750","Minnesota Timberwolves","50","25","25","0.5","36.76","86.54","0.4247746706725214","16.98","22.86","0.7427821522309711","92.94","0"
"1998-99","1610612751","New Jersey Nets","50","16","34","0.32","33.82","83.2","0.4064903846153846","19.24","25.02","0.7689848121502798","91.38","0"
"1998-99","1610612752","New York Knicks","50","27","23","0.54","32.2","74.08","0.43466522678185743","17.84","24.36","0.7323481116584565","86.4","0"
"1998-99","1610612753","Orlando Magic","50","33","17","0.66","33.74","78.86","0.4278468171443064","17.52","25.04","0.6996805111821086","89.46","0"
"1998-99","1610612754","Indiana Pacers","50","33","17","0.66","34.62","77.32","0.4477496120020693","19.54","24.56","0.7956026058631922","94.66","0"
"1998-99","1610612755","Philadelphia 76ers","50","28","22","0.56","33.12","77.66","0.4264743754828741","21.46","29.72","0.7220726783310901","89.66","0"
"1998-99","1610612756","Phoenix Suns","50","27","23","0.54","35.94","80.08","0.4488011988011988","18.48","24.3","0.7604938271604939","95.58","0"
"1998-99","1610612757","Portland Trail Blazers","50","35","15","0.7","34.94","79.12","0.4416076845298281","20.04","26.98","0.742772424017791","94.84","0"
"1998-99","1610612758","Sacramento Kings","50","27","23","0.54","38.36","86.14","0.4453215695379615","17.66","25.86","0.682907965970611","100.18","0"
"1998-99","1610612759","San Antonio Spurs","50","37","13","0.74","34.8","76.24","0.4564533053515215","19.76","28.3","0.6982332155477032","92.8","1"
"1998-99","1610612760","Seattle SuperSonics","50","25","25","0.5","35.12","79.52","0.4416498993963783","18.44","27.08","0.6809453471196455","94.86","0"
"1998-99","1610612761","Toronto Raptors","50","23","27","0.46","33.2","78.8","0.4213197969543147","20.22","26.6","0.7601503759398496","91.14","0"
"1998-99","1610612762","Utah Jazz","50","37","13","0.74","33.68","72.4","0.46519337016574586","23.16","30.2","0.766887417218543","93.32","0"
"1998-99","1610612763","Vancouver Grizzlies","50","8","42","0.16","32.86","76.76","0.42808754559666495","20.18","28.16","0.7166193181818182","88.86","0"
"1998-99","1610612764","Washington Wizards","50","18","32","0.36","35.36","79.38","0.4454522549760645","16.9","23.96","0.7053422370617696","91.2","0"
"1998-99","1610612765","Detroit Pistons","50","29","21","0.58","33.2","74.32","0.44671689989235736","19.0","25.66","0.7404520654715511","90.36","0"
"1998-99","1610612766","Charlotte Hornets","50","26","24","0.52","33.42","74.36","0.449435180204411","20.68","27.68","0.7471098265895953","92.88","0"
"1999-00","1610612737","Atlanta Hawks","82","28","54","0.34146341463414637","36.58536585365854","83.01219512195122","0.4407227853680035","18.01219512195122","24.23170731707317","0.743331655762456","94.32926829268293","0"
"1999-00","1610612738","Boston Celtics","82","35","47","0.4268292682926829","37.24390243902439","83.90243902439025","0.4438953488372093","19.76829268292683","26.524390243902438","0.7452873563218391","99.34146341463415","0"
"1999-00","1610612739","Cleveland Cavaliers","82","32","50","0.3902439024390244","36.30487804878049","82.1219512195122","0.4420849420849421","20.158536585365855","26.890243902439025","0.7496598639455783","96.95121951219512","0"
"1999-00","1610612741","Chicago Bulls","82","17","65","0.2073170731707317","31.28048780487805","75.36585365853658","0.41504854368932037","18.073170731707318","25.475609756097562","0.7094303494494973","84.78048780487805","0"
"1999-00","1610612742","Dallas Mavericks","82","40","42","0.4878048780487805","38.96341463414634","85.9390243902439","0.45338441890166026","17.158536585365855","21.353658536585368","0.8035408338092519","101.41463414634147","0"
"1999-00","1610612743","Denver Nuggets","82","35","47","0.4268292682926829","37.28048780487805","84.28048780487805","0.4423383012588627","18.670731707317074","25.804878048780488","0.7235349716446124","98.96341463414635","0"
"1999-00","1610612744","Golden State Warriors","82","19","63","0.23170731707317074","36.53658536585366","87.07317073170732","0.4196078431372549","18.25609756097561","26.182926829268293","0.6972519795062878","95.53658536585365","0"
"1999-00","1610612745","Houston Rockets","82","34","48","0.4146341463414634","36.59756097560975","81.26829268292683","0.45033013205282113","19.182926829268293","26.158536585365855","0.7333333333333333","99.46341463414635","0"
"1999-00","1610612746","Los Angeles Clippers","82","15","67","0.18292682926829268","35.08536585365854","82.40243902439025","0.42578067189581176","16.621951219512194","22.26829268292683","0.7464403066812705","92.02439024390245","0"
"1999-00","1610612747","Los Angeles Lakers","82","67","15","0.8170731707317073","38.25609756097561","83.36585365853658","0.4588940901111761","20.109756097560975","28.878048780487806","0.6963682432432432","100.8170731707317","1"
"1999-00","1610612748","Miami Heat","82","52","30","0.6341463414634146","36.26829268292683","78.8048780487805","0.4602290312596719","16.402439024390244","22.28048780487805","0.7361795292829776","94.3780487804878","0"
"1999-00","1610612749","Milwaukee Bucks","82","42","40","0.5121951219512195","38.707317073170735","83.2560975609756","0.46491870514135053","19.0","24.170731707317074","0.786074672048436","101.21951219512195","0"
"1999-00","1610612750","Minnesota Timberwolves","82","50","32","0.6097560975609756","39.34146341463415","84.26829268292683","0.46685962373371925","16.817073170731707","21.573170731707318","0.7795364612775579","98.52439024390245","0"
"1999-00","1610612751","New Jersey Nets","82","31","51","0.3780487804878049","36.329268292682926","83.91463414634147","0.43293125999128035","19.524390243902438","24.890243902439025","0.7844194022537971","98.0","0"
"1999-00","1610612752","New York Knicks","82","50","32","0.6097560975609756","35.329268292682926","77.73170731707317","0.45450266708503295","17.195121951219512","22.01219512195122","0.7811634349030471","92.13414634146342","0"
"1999-00","1610612753","Orlando Magic","82","41","41","0.5","38.646341463414636","85.53658536585365","0.4518106643855147","19.195121951219512","26.121951219512194","0.734827264239029","100.07317073170732","0"
"1999-00","1610612754","Indiana Pacers","82","56","26","0.6829268292682927","37.15853658536585","80.97560975609755","0.4588855421686747","19.865853658536587","24.48780487804878","0.8112549800796812","101.29268292682927","0"
"1999-00","1610612755","Philadelphia 76ers","82","49","33","0.5975609756097561","36.5","82.63414634146342","0.4417060212514758","19.23170731707317","27.146341463414632","0.7084456424079065","94.76829268292683","0"
"1999-00","1610612756","Phoenix Suns","82","53","29","0.6463414634146342","37.71951219512195","82.57317073170732","0.4568010633584404","17.890243902439025","23.585365853658537","0.7585315408479835","98.91463414634147","0"
"1999-00","1610612757","Portland Trail Blazers","82","59","23","0.7195121951219512","36.84146341463415","78.41463414634147","0.46982892690513217","18.804878048780488","24.74390243902439","0.759980285855101","97.45121951219512","0"
"1999-00","1610612758","Sacramento Kings","82","44","38","0.5365853658536586","39.951219512195124","88.8780487804878","0.4495060373216246","18.548780487804876","24.585365853658537","0.7544642857142857","104.96341463414635","0"
"1999-00","1610612759","San Antonio Spurs","82","53","29","0.6463414634146342","36.0","77.96341463414635","0.4617550445800094","20.146341463414632","27.0","0.7461607949412827","96.17073170731707","0"
"1999-00","1610612760","Seattle SuperSonics","82","45","37","0.5487804878048781","37.90243902439025","84.70731707317073","0.44745177080334003","16.621951219512194","23.902439024390244","0.6954081632653061","99.08536585365853","0"
"1999-00","1610612761","Toronto Raptors","82","45","37","0.5487804878048781","36.34146341463415","83.92682926829268","0.43301365882011045","19.304878048780488","25.21951219512195","0.7654738878143134","97.17073170731707","0"
"1999-00","1610612762","Utah Jazz","82","55","27","0.6707317073170732","36.1219512195122","77.8048780487805","0.46426332288401256","20.25609756097561","26.21951219512195","0.7725581395348837","96.51219512195122","0"
"1999-00","1610612763","Vancouver Grizzlies","82","22","60","0.2682926829268293","35.26829268292683","78.54878048780488","0.44899860270144387","19.4390243902439","25.121951219512194","0.7737864077669903","93.92682926829268","0"
"1999-00","1610612764","Washington Wizards","82","29","53","0.35365853658536583","36.707317073170735","81.47560975609755","0.45053135758120044","19.097560975609756","25.695121951219512","0.7432368296155671","96.59756097560975","0"
"1999-00","1610612765","Detroit Pistons","82","42","40","0.5121951219512195","37.1219512195122","80.91463414634147","0.4587792012057272","23.853658536585368","30.5609756097561","0.7805267358339985","103.45121951219512","0"
"1999-00","1610612766","Charlotte Hornets","82","49","33","0.5975609756097561","35.792682926829265","79.67073170731707","0.4492576151844482","22.71951219512195","29.975609756097562","0.75793327908869","98.4390243902439","0"
"2000-01","1610612737","Atlanta Hawks","82","25","57","0.3048780487804878","35.073170731707314","81.3170731707317","0.4313137372525495","16.75609756097561","22.085365853658537","0.7586968525676422","90.96341463414635","0"
"2000-01","1610612738","Boston Celtics","82","36","46","0.43902439024390244","33.81707317073171","79.08536585365853","0.42760215882806474","19.76829268292683","26.70731707317073","0.7401826484018265","94.6219512195122","0"
"2000-01","1610612739","Cleveland Cavaliers","82","30","52","0.36585365853658536","35.24390243902439","79.65853658536585","0.44243723208818125","19.036585365853657","24.878048780487806","0.7651960784313725","92.20731707317073","0"
"2000-01","1610612741","Chicago Bulls","82","15","67","0.18292682926829268","33.18292682926829","78.1829268292683","0.4244267664950866","17.195121951219512","23.28048780487805","0.7386066003143007","87.57317073170732","0"
"2000-01","1610612742","Dallas Mavericks","82","53","29","0.6463414634146342","37.6219512195122","81.90243902439025","0.45935080405002976","18.926829268292682","23.829268292682926","0.7942681678607983","100.47560975609755","0"
"2000-01","1610612743","Denver Nuggets","82","40","42","0.4878048780487805","36.329268292682926","83.86585365853658","0.433183074014832","17.658536585365855","23.951219512195124","0.7372708757637475","96.5609756097561","0"
"2000-01","1610612744","Golden State Warriors","82","17","65","0.2073170731707317","35.81707317073171","87.5","0.40933797909407665","17.414634146341463","24.682926829268293","0.7055335968379447","92.48780487804878","0"
"2000-01","1610612745","Houston Rockets","82","45","37","0.5487804878048781","35.890243902439025","79.1951219512195","0.4531875577456113","19.29268292682927","25.4390243902439","0.7583892617449665","97.21951219512195","0"
"2000-01","1610612746","Los Angeles Clippers","82","31","51","0.3780487804878049","35.31707317073171","78.86585365853658","0.44781196845523424","17.426829268292682","25.134146341463413","0.6933527413876759","92.45121951219512","0"
"2000-01","1610612747","Los Angeles Lakers","82","56","26","0.6829268292682927","37.91463414634146","81.52439024390245","0.46507105459985043","19.4390243902439","28.451219512195124","0.6832404629232748","100.6219512195122","1"
"2000-01","1610612748","Miami Heat","82","50","32","0.6097560975609756","32.853658536585364","76.3170731707317","0.4304889741131352","17.353658536585368","22.853658536585368","0.7593383137673426","88.89024390243902","0"
"2000-01","1610612749","Milwaukee Bucks","82","52","30","0.6341463414634146","37.951219512195124","82.90243902439025","0.4577817005001471","17.975609756097562","22.853658536585368","0.7865528281750267","100.73170731707317","0"
"2000-01","1610612750","Minnesota Timberwolves","82","47","35","0.573170731707317","38.390243902439025","83.79268292682927","0.45815747343909186","16.634146341463413","21.182926829268293","0.7852619458837076","97.34146341463415","0"
"2000-01","1610612751","New Jersey Nets","82","26","56","0.3170731707317073","33.91463414634146","79.8780487804878","0.42458015267175575","19.865853658536587","26.170731707317074","0.7590866728797764","92.09756097560975","0"
"2000-01","1610612752","New York Knicks","82","48","34","0.5853658536585366","33.59756097560975","75.58536585365853","0.44449822523394644","16.75609756097561","21.0609756097561","0.7955993051534452","88.71951219512195","0"
"2000-01","1610612753","Orlando Magic","82","43","39","0.524390243902439","36.74390243902439","83.8170731707317","0.4383820747853921","18.0","25.21951219512195","0.7137330754352031","97.46341463414635","0"
"2000-01","1610612754","Indiana Pacers","82","41","41","0.5","34.48780487804878","78.42682926829268","0.4397449852278028","18.76829268292683","24.5","0.766052762568442","92.57317073170732","0"
"2000-01","1610612755","Philadelphia 76ers","82","56","26","0.6829268292682927","35.390243902439025","79.10975609756098","0.4473562509634654","20.695121951219512","27.76829268292683","0.7452788757136584","94.67073170731707","0"
"2000-01","1610612756","Phoenix Suns","82","51","31","0.6219512195121951","35.90243902439025","82.40243902439025","0.4356963149326624","18.170731707317074","24.0609756097561","0.7551951343132286","94.02439024390245","0"
"2000-01","1610612757","Portland Trail Blazers","82","50","32","0.6097560975609756","36.63414634146341","78.2560975609756","0.46813152563503196","17.646341463414632","23.158536585365855","0.7619799894681412","95.41463414634147","0"
"2000-01","1610612758","Sacramento Kings","82","55","27","0.6707317073170732","38.19512195121951","84.98780487804878","0.44941885492897116","19.51219512195122","25.304878048780488","0.7710843373493976","101.7439024390244","0"
"2000-01","1610612759","San Antonio Spurs","82","58","24","0.7073170731707317","35.170731707317074","76.36585365853658","0.4605557329926541","20.402439024390244","28.536585365853657","0.714957264957265","96.17073170731707","0"
"2000-01","1610612760","Seattle SuperSonics","82","44","38","0.5365853658536586","36.9390243902439","81.08536585365853","0.45555722665062415","17.73170731707317","24.21951219512195","0.7321248741188319","97.29268292682927","0"
"2000-01","1610612761","Toronto Raptors","82","47","35","0.573170731707317","37.170731707317074","85.02439024390245","0.43717728055077454","18.073170731707318","24.195121951219512","0.7469758064516129","97.64634146341463","0"
"2000-01","1610612762","Utah Jazz","82","53","29","0.6463414634146342","36.09756097560975","76.6951219512195","0.470663062490062","20.902439024390244","27.804878048780488","0.7517543859649123","97.0609756097561","0"
"2000-01","1610612763","Vancouver Grizzlies","82","23","59","0.2804878048780488","35.0","79.7439024390244","0.4389050313503594","17.76829268292683","23.073170731707318","0.7700845665961945","91.73170731707317","0"
"2000-01","1610612764","Washington Wizards","82","19","63","0.23170731707317074","34.548780487804876","78.6951219512195","0.4390206105687277","20.78048780487805","27.378048780487806","0.7590200445434299","93.23170731707317","0"
"2000-01","1610612765","Detroit Pistons","82","32","50","0.3902439024390244","35.59756097560975","83.90243902439025","0.4242732558139535","19.634146341463413","27.23170731707317","0.7210031347962382","95.57317073170732","0"
"2000-01","1610612766","Charlotte Hornets","82","46","36","0.5609756097560976","34.146341463414636","79.28048780487805","0.43070296877403474","19.5","26.170731707317074","0.7451071761416589","91.9390243902439","0"
"2001-02","1610612737","Atlanta Hawks","82","33","49","0.4024390243902439","35.3780487804878","80.60975609756098","0.4388804841149773","18.121951219512194","23.682926829268293","0.7651905252317199","94.03658536585365","0"
"2001-02","1610612738","Boston Celtics","82","49","33","0.5975609756097561","34.78048780487805","82.08536585365853","0.4237111870450156","18.26829268292683","23.902439024390244","0.7642857142857142","96.35365853658537","0"
"2001-02","1610612739","Cleveland Cavaliers","82","29","53","0.35365853658536583","35.951219512195124","80.26829268292683","0.44788817988453355","18.646341463414632","24.146341463414632","0.7722222222222223","95.26829268292683","0"
"2001-02","1610612741","Chicago Bulls","82","21","61","0.25609756097560976","34.28048780487805","79.15853658536585","0.4330611616083808","17.23170731707317","23.878048780487806","0.7216547497446374","89.45121951219512","0"
"2001-02","1610612742","Dallas Mavericks","82","57","25","0.6951219512195121","39.02439024390244","84.51219512195122","0.46176046176046176","19.609756097560975","24.317073170731707","0.8064192577733199","105.23170731707317","0"
"2001-02","1610612743","Denver Nuggets","82","27","55","0.32926829268292684","35.548780487804876","83.78048780487805","0.4243085880640466","15.926829268292684","21.414634146341463","0.7437357630979499","92.1829268292683","0"
"2001-02","1610612744","Golden State Warriors","82","21","61","0.25609756097560976","36.5609756097561","85.23170731707317","0.4289597939619402","20.646341463414632","28.585365853658537","0.7222696245733788","97.67073170731707","0"
"2001-02","1610612745","Houston Rockets","82","28","54","0.34146341463414637","34.59756097560975","80.84146341463415","0.4279680193090964","17.097560975609756","23.085365853658537","0.7406233491811939","92.34146341463415","0"
"2001-02","1610612746","Los Angeles Clippers","82","39","43","0.47560975609756095","36.21951219512195","81.3170731707317","0.4454109178164367","18.26829268292683","24.70731707317073","0.7393879565646594","95.6829268292683","0"
"2001-02","1610612747","Los Angeles Lakers","82","58","24","0.7073170731707317","38.41463414634146","83.41463414634147","0.4605263157894737","18.21951219512195","26.073170731707318","0.6987839101964453","101.26829268292683","1"
"2001-02","1610612748","Miami Heat","82","36","46","0.43902439024390244","34.15853658536585","77.82926829268293","0.4388906298965841","15.073170731707316","20.829268292682926","0.7236533957845434","87.1951219512195","0"
"2001-02","1610612749","Milwaukee Bucks","82","41","41","0.5","37.08536585365854","80.20731707317073","0.46236886118291015","16.109756097560975","21.548780487804876","0.7475947934352009","97.51219512195122","0"
"2001-02","1610612750","Minnesota Timberwolves","82","50","32","0.6097560975609756","38.71951219512195","83.98780487804878","0.4610135037026281","17.0609756097561","21.390243902439025","0.7976054732041049","99.32926829268293","0"
"2001-02","1610612751","New Jersey Nets","82","52","30","0.6341463414634146","37.09756097560975","83.1219512195122","0.44630281690140844","17.097560975609756","23.25609756097561","0.735186156266387","96.20731707317073","0"
"2001-02","1610612752","New York Knicks","82","30","52","0.36585365853658536","34.353658536585364","79.51219512195122","0.4320552147239264","17.146341463414632","21.78048780487805","0.7872340425531915","91.63414634146342","0"
"2001-02","1610612753","Orlando Magic","82","44","38","0.5365853658536586","37.646341463414636","84.0609756097561","0.44784564050486","17.634146341463413","23.378048780487806","0.7543035993740219","100.48780487804878","0"
"2001-02","1610612754","Indiana Pacers","82","42","40","0.5121951219512195","35.792682926829265","80.2439024390244","0.446048632218845","20.28048780487805","26.28048780487805","0.7716937354988399","96.8048780487805","0"
"2001-02","1610612755","Philadelphia 76ers","82","43","39","0.524390243902439","34.19512195121951","78.48780487804878","0.43567433188315724","19.98780487804878","25.658536585365855","0.7789923954372624","90.98780487804878","0"
"2001-02","1610612756","Phoenix Suns","82","36","46","0.43902439024390244","37.76829268292683","84.5609756097561","0.4466397461782521","15.24390243902439","19.878048780487806","0.7668711656441718","95.14634146341463","0"
"2001-02","1610612757","Portland Trail Blazers","82","49","33","0.5975609756097561","36.63414634146341","81.35365853658537","0.45030730025483434","17.695121951219512","23.182926829268293","0.7632824829037349","96.64634146341463","0"
"2001-02","1610612758","Sacramento Kings","82","61","21","0.7439024390243902","39.84146341463415","85.40243902439025","0.4665143509924318","19.73170731707317","26.26829268292683","0.7511606313834726","104.60975609756098","0"
"2001-02","1610612759","San Antonio Spurs","82","58","24","0.7073170731707317","35.52439024390244","77.59756097560975","0.4578029231494578","20.341463414634145","27.426829268292682","0.7416629613161405","96.73170731707317","0"
"2001-02","1610612760","Seattle SuperSonics","82","45","37","0.5487804878048781","38.18292682926829","81.47560975609755","0.4686424187995809","15.402439024390244","20.390243902439025","0.7553827751196173","97.73170731707317","0"
"2001-02","1610612761","Toronto Raptors","82","42","40","0.5121951219512195","35.59756097560975","82.03658536585365","0.4339229968782518","15.475609756097562","20.9390243902439","0.7390797903319744","91.39024390243902","0"
"2001-02","1610612762","Utah Jazz","82","44","38","0.5365853658536586","34.98780487804878","77.73170731707317","0.4501098211484154","22.597560975609756","29.634146341463413","0.7625514403292181","95.98780487804878","0"
"2001-02","1610612763","Memphis Grizzlies","82","23","59","0.2804878048780488","34.76829268292683","79.6951219512195","0.43626625860749807","16.26829268292683","22.963414634146343","0.7084439723844929","89.90243902439025","0"
"2001-02","1610612764","Washington Wizards","82","37","45","0.45121951219512196","35.829268292682926","81.26829268292683","0.44087635054021607","17.414634146341463","22.75609756097561","0.7652733118971061","92.79268292682927","0"
"2001-02","1610612765","Detroit Pistons","82","50","32","0.6097560975609756","34.69512195121951","76.82926829268293","0.4515873015873016","18.024390243902438","23.829268292682926","0.7563971340839304","94.32926829268293","0"
"2001-02","1610612766","Charlotte Hornets","82","44","38","0.5365853658536586","35.28048780487805","80.2439024390244","0.43966565349544073","19.121951219512194","25.670731707317074","0.7448931116389549","93.90243902439025","0"
"2002-03","1610612737","Atlanta Hawks","82","35","47","0.4268292682926829","34.86585365853659","78.46341463414635","0.44435809760646566","19.4390243902439","24.524390243902438","0.7926404773744405","94.07317073170732","0"
"2002-03","1610612738","Boston Celtics","82","44","38","0.5365853658536586","32.926829268292686","79.3780487804878","0.4148102627131664","18.048780487804876","24.317073170731707","0.7422266800401204","92.67073170731707","0"
"2002-03","1610612739","Cleveland Cavaliers","82","17","65","0.2073170731707317","34.75609756097561","82.26829268292683","0.42247257634153573","18.317073170731707","24.536585365853657","0.7465208747514911","91.40243902439025","0"
"2002-03","1610612740","New Orleans Hornets","82","47","35","0.573170731707317","35.53658536585366","81.64634146341463","0.4352501867064974","17.890243902439025","23.29268292682927","0.7680628272251309","93.89024390243902","0"
"2002-03","1610612741","Chicago Bulls","82","30","52","0.36585365853658536","36.47560975609756","81.8780487804878","0.4454870420017873","17.74390243902439","24.5609756097561","0.7224428997020854","94.95121951219512","0"
"2002-03","1610612742","Dallas Mavericks","82","60","22","0.7317073170731707","38.548780487804876","85.14634146341463","0.45273560584359784","18.121951219512194","21.865853658536587","0.8287785833798104","102.97560975609755","0"
"2002-03","1610612743","Denver Nuggets","82","17","65","0.2073170731707317","32.792682926829265","79.8048780487805","0.4109107579462103","15.78048780487805","22.5609756097561","0.6994594594594594","84.15853658536585","0"
"2002-03","1610612744","Golden State Warriors","82","38","44","0.4634146341463415","37.329268292682926","84.64634146341463","0.44100273735772944","22.597560975609756","29.048780487804876","0.7779177162048698","102.4390243902439","0"
"2002-03","1610612745","Houston Rockets","82","43","39","0.524390243902439","34.63414634146341","78.79268292682927","0.43956043956043955","19.134146341463413","24.926829268292682","0.7676125244618396","93.7560975609756","0"
"2002-03","1610612746","Los Angeles Clippers","82","27","55","0.32926829268292684","34.573170731707314","79.14634146341463","0.43682588597842836","19.914634146341463","26.548780487804876","0.7501148369315572","93.8170731707317","0"
"2002-03","1610612747","Los Angeles Lakers","82","50","32","0.6097560975609756","37.69512195121951","83.60975609756098","0.4508459743290548","19.048780487804876","25.963414634146343","0.733677782996712","100.36585365853658","0"
"2002-03","1610612748","Miami Heat","82","25","57","0.3048780487804878","32.78048780487805","79.47560975609755","0.41245972073039744","15.75609756097561","20.597560975609756","0.7649496743635287","85.5609756097561","0"
"2002-03","1610612749","Milwaukee Bucks","82","42","40","0.5121951219512195","37.13414634146341","81.34146341463415","0.45652173913043476","18.085365853658537","23.304878048780488","0.7760334903192047","99.48780487804878","0"
"2002-03","1610612750","Minnesota Timberwolves","82","51","31","0.6219512195121951","38.68292682926829","83.03658536585365","0.4658540167425466","17.146341463414632","22.26829268292683","0.7699890470974808","98.1219512195122","0"
"2002-03","1610612751","New Jersey Nets","82","49","33","0.5975609756097561","35.4390243902439","80.3048780487805","0.4413059984813971","20.26829268292683","26.76829268292683","0.7571753986332574","95.36585365853658","0"
"2002-03","1610612752","New York Knicks","82","37","45","0.45121951219512196","36.18292682926829","82.01219512195122","0.44118959107806693","16.097560975609756","19.75609756097561","0.8148148148148148","95.85365853658537","0"
"2002-03","1610612753","Orlando Magic","82","42","40","0.5121951219512195","35.9390243902439","82.47560975609755","0.435753363891764","19.70731707317073","25.353658536585368","0.7772967772967773","98.51219512195122","0"
"2002-03","1610612754","Indiana Pacers","82","48","34","0.5853658536585366","35.5","80.58536585365853","0.44052663438256656","21.20731707317073","27.695121951219512","0.7657419638925583","96.82926829268293","0"
"2002-03","1610612755","Philadelphia 76ers","82","48","34","0.5853658536585366","36.28048780487805","80.97560975609755","0.4480421686746988","21.29268292682927","27.475609756097562","0.7749667110519307","96.84146341463415","0"
"2002-03","1610612756","Phoenix Suns","82","44","38","0.5365853658536586","36.646341463414636","82.63414634146342","0.4434769775678867","17.4390243902439","23.51219512195122","0.741701244813278","95.53658536585365","0"
"2002-03","1610612757","Portland Trail Blazers","82","50","32","0.6097560975609756","36.426829268292686","79.15853658536585","0.46017562779232785","17.682926829268293","23.74390243902439","0.7447354904982023","95.15853658536585","0"
"2002-03","1610612758","Sacramento Kings","82","59","23","0.7195121951219512","39.53658536585366","85.2439024390244","0.46380543633762517","16.670731707317074","22.341463414634145","0.74617903930131","101.73170731707317","0"
"2002-03","1610612759","San Antonio Spurs","82","60","22","0.7317073170731707","35.46341463414634","76.79268292682927","0.46180720978243606","19.402439024390244","26.75609756097561","0.7251595259799453","95.8048780487805","1"
"2002-03","1610612760","Seattle SuperSonics","82","40","42","0.4878048780487805","35.207317073170735","80.47560975609755","0.4374905288680103","16.158536585365855","21.70731707317073","0.7443820224719101","92.13414634146342","0"
"2002-03","1610612761","Toronto Raptors","82","24","58","0.2926829268292683","34.71951219512195","81.26829268292683","0.4272208883553421","16.463414634146343","22.914634146341463","0.7184672698243747","90.89024390243902","0"
"2002-03","1610612762","Utah Jazz","82","47","35","0.573170731707317","35.292682926829265","75.47560975609755","0.4676038132169979","21.341463414634145","28.646341463414632","0.744997871434653","94.65853658536585","0"
"2002-03","1610612763","Memphis Grizzlies","82","28","54","0.34146341463414637","37.18292682926829","82.23170731707317","0.45217262346136733","17.4390243902439","23.609756097560975","0.7386363636363636","97.5","0"
"2002-03","1610612764","Washington Wizards","82","37","45","0.45121951219512196","34.34146341463415","77.97560975609755","0.44041288708163906","19.71951219512195","25.329268292682926","0.778526721232547","91.48780487804878","0"
"2002-03","1610612765","Detroit Pistons","82","50","32","0.6097560975609756","32.926829268292686","76.54878048780488","0.4301417874780946","19.01219512195122","24.646341463414632","0.7714002968827314","91.36585365853658","0"
"2003-04","1610612737","Atlanta Hawks","82","28","54","0.34146341463414637","34.5","79.6219512195122","0.43329759534385054","18.70731707317073","24.097560975609756","0.7763157894736842","92.8170731707317","0"
"2003-04","1610612738","Boston Celtics","82","36","46","0.43902439024390244","34.670731707317074","78.23170731707317","0.44318004676539363","19.170731707317074","25.548780487804876","0.7503579952267303","95.2560975609756","0"
"2003-04","1610612739","Cleveland Cavaliers","82","35","47","0.4268292682926829","35.63414634146341","82.35365853658537","0.43269657929808975","18.634146341463413","24.75609756097561","0.7527093596059113","92.91463414634147","0"
"2003-04","1610612740","New Orleans Hornets","82","41","41","0.5","33.80487804878049","80.54878048780488","0.4196820590461771","17.73170731707317","23.621951219512194","0.7506453278265359","91.8170731707317","0"
"2003-04","1610612741","Chicago Bulls","82","23","59","0.2804878048780488","34.1219512195122","82.35365853658537","0.41433436990966976","16.21951219512195","22.365853658536587","0.7251908396946565","89.6951219512195","0"
"2003-04","1610612742","Dallas Mavericks","82","52","30","0.6341463414634146","40.51219512195122","88.17073170731707","0.4594744121715076","17.98780487804878","22.609756097560975","0.7955771305285868","105.1951219512195","0"
"2003-04","1610612743","Denver Nuggets","82","43","39","0.524390243902439","36.5","82.47560975609755","0.4425550791069052","20.182926829268293","26.329268292682926","0.7665585919407133","97.21951219512195","0"
"2003-04","1610612744","Golden State Warriors","82","37","45","0.45121951219512196","35.0609756097561","79.40243902439025","0.4415604361849178","17.926829268292682","24.73170731707317","0.7248520710059172","93.28048780487805","0"
"2003-04","1610612745","Houston Rockets","82","45","37","0.5487804878048781","33.390243902439025","75.54878048780488","0.44196933010492334","16.71951219512195","21.634146341463413","0.7728297632468997","89.78048780487805","0"
"2003-04","1610612746","Los Angeles Clippers","82","28","54","0.34146341463414637","34.353658536585364","80.23170731707317","0.42818057455540354","22.048780487804876","28.073170731707318","0.7854039965247611","94.76829268292683","0"
"2003-04","1610612747","Los Angeles Lakers","82","56","26","0.6829268292682927","36.926829268292686","81.41463414634147","0.45356500898741764","19.890243902439025","28.682926829268293","0.6934523809523809","98.1951219512195","0"
"2003-04","1610612748","Miami Heat","82","42","40","0.5121951219512195","33.28048780487805","78.2560975609756","0.4252766090073243","17.79268292682927","23.353658536585368","0.7618798955613577","90.26829268292683","0"
"2003-04","1610612749","Milwaukee Bucks","82","41","41","0.5","36.21951219512195","81.09756097560975","0.44661654135338347","20.70731707317073","26.73170731707317","0.7746350364963503","98.03658536585365","0"
"2003-04","1610612750","Minnesota Timberwolves","82","58","24","0.7073170731707317","36.98780487804878","80.13414634146342","0.46157358088570993","16.597560975609756","21.25609756097561","0.780837636259323","94.54878048780488","0"
"2003-04","1610612751","New Jersey Nets","82","47","35","0.573170731707317","34.30487804878049","77.70731707317073","0.44146264908976773","17.048780487804876","22.634146341463413","0.7532327586206896","90.2560975609756","0"
"2003-04","1610612752","New York Knicks","82","39","43","0.47560975609756095","35.13414634146341","79.42682926829268","0.442346077076616","16.75609756097561","21.121951219512194","0.7933025404157044","91.97560975609755","0"
"2003-04","1610612753","Orlando Magic","82","21","61","0.25609756097560976","35.41463414634146","82.53658536585365","0.42907801418439717","17.975609756097562","24.390243902439025","0.737","94.03658536585365","0"
"2003-04","1610612754","Indiana Pacers","82","61","21","0.7439024390243902","33.573170731707314","77.09756097560975","0.4354634609300854","18.75609756097561","24.5609756097561","0.7636544190665343","91.3780487804878","0"
"2003-04","1610612755","Philadelphia 76ers","82","33","49","0.4024390243902439","32.707317073170735","76.34146341463415","0.42843450479233225","18.4390243902439","24.5","0.7526132404181185","87.98780487804878","0"
"2003-04","1610612756","Phoenix Suns","82","29","53","0.35365853658536583","36.073170731707314","81.35365853658537","0.44341178234147804","16.975609756097562","22.74390243902439","0.7463806970509383","94.1829268292683","0"
"2003-04","1610612757","Portland Trail Blazers","82","41","41","0.5","35.34146341463415","78.86585365853658","0.44812123086438843","15.402439024390244","21.073170731707318","0.7309027777777778","90.73170731707317","0"
"2003-04","1610612758","Sacramento Kings","82","55","27","0.6707317073170732","37.84146341463415","81.84146341463415","0.4623752048874981","19.829268292682926","24.926829268292682","0.7954990215264188","102.84146341463415","0"
"2003-04","1610612759","San Antonio Spurs","82","57","25","0.6951219512195121","34.65853658536585","78.46341463414635","0.4417158843643146","17.182926829268293","25.23170731707317","0.6810053165780571","91.47560975609755","0"
"2003-04","1610612760","Seattle SuperSonics","82","37","45","0.45121951219512196","35.84146341463415","80.36585365853658","0.44597875569044004","16.621951219512194","21.73170731707317","0.7648709315375982","97.1219512195122","0"
"2003-04","1610612761","Toronto Raptors","82","33","49","0.4024390243902439","32.36585365853659","77.41463414634147","0.4180844360428481","15.085365853658537","20.121951219512194","0.7496969696969698","85.4390243902439","0"
"2003-04","1610612762","Utah Jazz","82","42","40","0.5121951219512195","32.80487804878049","75.26829268292683","0.4358392741412832","19.98780487804878","26.78048780487805","0.7463570127504554","88.67073170731707","0"
"2003-04","1610612763","Memphis Grizzlies","82","50","32","0.6097560975609756","36.13414634146341","81.1829268292683","0.44509538831305395","18.98780487804878","26.134146341463413","0.7265515632291181","96.70731707317073","0"
"2003-04","1610612764","Washington Wizards","82","25","57","0.3048780487804878","33.63414634146341","79.95121951219512","0.42068334350213543","19.25609756097561","26.963414634146343","0.7141564902758932","91.8048780487805","0"
"2003-04","1610612765","Detroit Pistons","82","54","28","0.6585365853658537","33.5","77.0","0.43506493506493504","19.036585365853657","25.29268292682927","0.7526518804243009","90.09756097560975","1"
"2004-05","1610612737","Atlanta Hawks","82","13","69","0.15853658536585366","35.8780487804878","81.36585365853658","0.440947242206235","17.28048780487805","24.317073170731707","0.7106318956870612","92.7439024390244","0"
"2004-05","1610612738","Boston Celtics","82","45","37","0.5487804878048781","37.146341463414636","79.40243902439025","0.46782368299800337","21.646341463414632","28.329268292682926","0.7640981489453293","101.26829268292683","0"
"2004-05","1610612739","Cleveland Cavaliers","82","42","40","0.5121951219512195","36.46341463414634","81.54878048780488","0.4471362344848213","19.926829268292682","26.51219512195122","0.7516099356025759","96.51219512195122","0"
"2004-05","1610612740","New Orleans Hornets","82","18","64","0.21951219512195122","33.146341463414636","79.95121951219512","0.4145820622330689","17.085365853658537","22.317073170731707","0.7655737704918033","88.4390243902439","0"
"2004-05","1610612741","Chicago Bulls","82","47","35","0.573170731707317","34.74390243902439","80.39024390243902","0.43219053398058255","18.73170731707317","24.975609756097562","0.75","94.45121951219512","0"
"2004-05","1610612742","Dallas Mavericks","82","58","24","0.7073170731707317","37.292682926829265","81.59756097560975","0.4570318338066059","22.26829268292683","28.21951219512195","0.7891097666378565","102.5","0"
"2004-05","1610612743","Denver Nuggets","82","49","33","0.5975609756097561","37.048780487804876","80.67073170731707","0.45925925925925926","21.524390243902438","28.20731707317073","0.7630782533506268","99.52439024390245","0"
"2004-05","1610612744","Golden State Warriors","82","34","48","0.4146341463414634","36.9390243902439","85.84146341463415","0.4303168063645404","17.21951219512195","23.841463414634145","0.7222506393861893","98.70731707317073","0"
"2004-05","1610612745","Houston Rockets","82","51","31","0.6219512195121951","34.707317073170735","78.28048780487805","0.44337124162642155","18.914634146341463","24.21951219512195","0.7809667673716012","95.07317073170732","0"
"2004-05","1610612746","Los Angeles Clippers","82","37","45","0.45121951219512196","35.65853658536585","77.65853658536585","0.4591708542713568","21.585365853658537","27.73170731707317","0.7783641160949868","95.71951219512195","0"
"2004-05","1610612747","Los Angeles Lakers","82","34","48","0.4146341463414634","35.30487804878049","80.84146341463415","0.436717453612913","20.25609756097561","26.0609756097561","0.7772578380907814","98.71951219512195","0"
"2004-05","1610612748","Miami Heat","82","59","23","0.7195121951219512","37.76829268292683","77.65853658536585","0.4863379396984925","20.21951219512195","30.073170731707318","0.6723438767234388","101.54878048780488","0"
"2004-05","1610612749","Milwaukee Bucks","82","30","52","0.36585365853658536","36.146341463414636","80.2439024390244","0.45045592705167176","20.975609756097562","27.182926829268293","0.7716464782413638","97.23170731707317","0"
"2004-05","1610612750","Minnesota Timberwolves","82","44","38","0.5365853658536586","37.13414634146341","80.84146341463415","0.4593453009503696","17.670731707317074","22.195121951219512","0.7961538461538461","96.7560975609756","0"
"2004-05","1610612751","New Jersey Nets","82","42","40","0.5121951219512195","33.573170731707314","78.28048780487805","0.42888300358311265","18.963414634146343","24.865853658536587","0.7626287395782246","91.41463414634147","0"
"2004-05","1610612752","New York Knicks","82","33","49","0.4024390243902439","36.31707317073171","80.47560975609755","0.45128049704500683","19.26829268292683","25.121951219512194","0.7669902912621359","97.28048780487805","0"
"2004-05","1610612753","Orlando Magic","82","36","46","0.43902439024390244","37.0","81.45121951219512","0.45425961970354845","21.609756097560975","28.475609756097562","0.7588865096359743","99.51219512195122","0"
"2004-05","1610612754","Indiana Pacers","82","44","38","0.5365853658536586","32.53658536585366","75.23170731707317","0.43248500567352893","21.317073170731707","26.902439024390244","0.7923844061650045","93.0","0"
"2004-05","1610612755","Philadelphia 76ers","82","43","39","0.524390243902439","35.926829268292686","82.14634146341463","0.43735154394299286","21.109756097560975","26.75609756097561","0.7889699179580675","99.1219512195122","0"
"2004-05","1610612756","Phoenix Suns","82","62","20","0.7560975609756098","40.86585365853659","85.58536585365853","0.4774864633798803","18.975609756097562","25.365853658536587","0.7480769230769231","110.41463414634147","0"
"2004-05","1610612757","Portland Trail Blazers","82","27","55","0.32926829268292684","35.31707317073171","78.3170731707317","0.45094985985674246","17.182926829268293","23.70731707317073","0.7247942386831275","92.9390243902439","0"
"2004-05","1610612758","Sacramento Kings","82","50","32","0.6097560975609756","39.0609756097561","85.09756097560975","0.4590140441387217","19.23170731707317","24.4390243902439","0.7869261477045908","103.71951219512195","0"
"2004-05","1610612759","San Antonio Spurs","82","59","23","0.7195121951219512","35.646341463414636","78.65853658536585","0.4531782945736434","18.71951219512195","25.853658536585368","0.7240566037735849","96.1951219512195","1"
"2004-05","1610612760","Seattle SuperSonics","82","52","30","0.6341463414634146","35.146341463414636","79.2439024390244","0.44352108341028007","20.524390243902438","25.98780487804878","0.7897700610042234","98.9390243902439","0"
"2004-05","1610612761","Toronto Raptors","82","33","49","0.4024390243902439","36.0","81.17073170731707","0.44350961538461536","19.829268292682926","25.621951219512194","0.7739171822941456","99.73170731707317","0"
"2004-05","1610612762","Utah Jazz","82","26","56","0.3170731707317073","34.48780487804878","76.84146341463415","0.44881764799238216","20.963414634146343","27.70731707317073","0.7566021126760564","92.98780487804878","0"
"2004-05","1610612763","Memphis Grizzlies","82","45","37","0.5487804878048781","34.170731707317074","76.47560975609755","0.44681868920427364","18.609756097560975","24.682926829268293","0.7539525691699605","93.42682926829268","0"
"2004-05","1610612764","Washington Wizards","82","45","37","0.5487804878048781","36.170731707317074","82.85365853658537","0.43656167206358554","21.890243902439025","30.195121951219512","0.7249596122778675","100.5","0"
"2004-05","1610612765","Detroit Pistons","82","54","28","0.6585365853658537","34.76829268292683","78.3048780487805","0.4440118361625915","19.365853658536587","26.21951219512195","0.7386046511627907","93.32926829268293","0"
"2004-05","1610612766","Charlotte Bobcats","82","18","64","0.21951219512195122","36.109756097560975","83.64634146341463","0.43169558244642076","18.134146341463413","25.5609756097561","0.7094465648854962","94.2560975609756","0"
"2005-06","1610612737","Atlanta Hawks","82","26","56","0.3170731707317073","35.926829268292686","79.21951219512195","0.4535098522167488","20.195121951219512","26.914634146341463","0.750339827820571","97.21951219512195","0"
"2005-06","1610612738","Boston Celtics","82","33","49","0.4024390243902439","35.98780487804878","77.09756097560975","0.46678266371401456","20.29268292682927","26.878048780487806","0.7549909255898367","97.96341463414635","0"
"2005-06","1610612739","Cleveland Cavaliers","82","50","32","0.6097560975609756","35.46341463414634","78.1951219512195","0.4535246412975671","20.597560975609756","28.26829268292683","0.7286453839516824","97.58536585365853","0"
"2005-06","1610612740","New Orleans/Oklahoma City Hornets","82","38","44","0.4634146341463415","34.52439024390244","78.39024390243902","0.44041692594897325","20.109756097560975","26.536585365853657","0.7578125","92.8170731707317","0"
"2005-06","1610612741","Chicago Bulls","82","41","41","0.5","36.63414634146341","82.15853658536585","0.4458957993172035","17.70731707317073","23.98780487804878","0.7381799694966955","97.8048780487805","0"
"2005-06","1610612742","Dallas Mavericks","82","60","22","0.7317073170731707","35.951219512195124","77.7439024390244","0.4624313725490196","22.170731707317074","28.317073170731707","0.7829457364341085","99.14634146341463","0"
"2005-06","1610612743","Denver Nuggets","82","44","38","0.5365853658536586","37.53658536585366","81.36585365853658","0.4613309352517986","20.98780487804878","28.195121951219512","0.7443771626297578","100.32926829268293","0"
"2005-06","1610612744","Golden State Warriors","82","34","48","0.4146341463414634","35.84146341463415","82.7439024390244","0.4331613854089904","19.182926829268293","26.70731707317073","0.7182648401826484","98.48780487804878","0"
"2005-06","1610612745","Houston Rockets","82","34","48","0.4146341463414634","33.02439024390244","76.2439024390244","0.4331413947536788","18.317073170731707","24.146341463414632","0.7585858585858586","90.08536585365853","0"
"2005-06","1610612746","Los Angeles Clippers","82","47","35","0.573170731707317","36.5","78.57317073170732","0.4645351544311656","20.658536585365855","26.121951219512194","0.7908496732026143","97.1951219512195","0"
"2005-06","1610612747","Los Angeles Lakers","82","45","37","0.5487804878048781","36.48780487804878","80.57317073170732","0.4528530346602089","19.73170731707317","26.48780487804878","0.7449355432780848","99.4390243902439","0"
"2005-06","1610612748","Miami Heat","82","52","30","0.6341463414634146","37.0609756097561","77.5","0.4782061369000787","19.70731707317073","28.170731707317074","0.6995670995670996","99.89024390243902","1"
"2005-06","1610612749","Milwaukee Bucks","82","40","42","0.4878048780487805","36.292682926829265","80.07317073170732","0.4532439841608285","19.036585365853657","25.79268292682927","0.7380614657210401","97.8048780487805","0"
"2005-06","1610612750","Minnesota Timberwolves","82","33","49","0.4024390243902439","35.21951219512195","77.3170731707317","0.4555205047318612","17.51219512195122","23.109756097560975","0.7577836411609499","91.73170731707317","0"
"2005-06","1610612751","New Jersey Nets","82","49","33","0.5975609756097561","33.8780487804878","77.03658536585365","0.4397657115719487","20.21951219512195","26.670731707317074","0.7581161408321903","93.79268292682927","0"
"2005-06","1610612752","New York Knicks","82","23","59","0.2804878048780488","34.41463414634146","75.6829268292683","0.4547212375120851","22.902439024390244","31.548780487804876","0.7259373792037108","95.63414634146342","0"
"2005-06","1610612753","Orlando Magic","82","36","46","0.43902439024390244","35.5","75.20731707317073","0.472028538997892","20.28048780487805","27.76829268292683","0.730346947738252","94.92682926829268","0"
"2005-06","1610612754","Indiana Pacers","82","41","41","0.5","33.97560975609756","76.51219512195122","0.4440548294548932","19.402439024390244","26.317073170731707","0.73725671918443","93.89024390243902","0"
"2005-06","1610612755","Philadelphia 76ers","82","38","44","0.4634146341463415","36.59756097560975","79.82926829268293","0.4584479071188512","21.585365853658537","28.414634146341463","0.759656652360515","99.35365853658537","0"
"2005-06","1610612756","Phoenix Suns","82","54","28","0.6585365853658537","41.829268292682926","87.40243902439025","0.47858239151667364","14.5","17.98780487804878","0.8061016949152542","108.36585365853658","0"
"2005-06","1610612757","Portland Trail Blazers","82","21","61","0.25609756097560976","34.03658536585366","76.42682926829268","0.4453486516674645","16.329268292682926","23.70731707317073","0.6887860082304527","88.84146341463415","0"
"2005-06","1610612758","Sacramento Kings","82","44","38","0.5365853658536586","36.02439024390244","79.26829268292683","0.4544615384615385","20.78048780487805","26.5","0.7841693511274735","98.85365853658537","0"
"2005-06","1610612759","San Antonio Spurs","82","63","19","0.7682926829268293","36.5","77.34146341463415","0.47193314411857457","16.182926829268293","23.0609756097561","0.7017451084082496","95.57317073170732","0"
"2005-06","1610612760","Seattle SuperSonics","82","35","47","0.4268292682926829","37.52439024390244","81.84146341463415","0.4585009685590821","20.146341463414632","25.658536585365855","0.785171102661597","102.57317073170732","0"
"2005-06","1610612761","Toronto Raptors","82","27","55","0.32926829268292684","36.74390243902439","80.96341463414635","0.4538334086458804","20.158536585365855","25.475609756097562","0.791287697462901","101.0609756097561","0"
"2005-06","1610612762","Utah Jazz","82","41","41","0.5","33.46341463414634","75.6951219512195","0.4420815208635412","21.634146341463413","30.073170731707318","0.7193836171938361","92.35365853658537","0"
"2005-06","1610612763","Memphis Grizzlies","82","49","33","0.5975609756097561","33.48780487804878","74.6951219512195","0.4483265306122449","18.0","25.329268292682926","0.7106403466538276","92.17073170731707","0"
"2005-06","1610612764","Washington Wizards","82","42","40","0.5121951219512195","36.28048780487805","81.17073170731707","0.4469651442307692","23.036585365853657","30.4390243902439","0.7568108974358975","101.65853658536585","0"
"2005-06","1610612765","Detroit Pistons","82","64","18","0.7804878048780488","36.3780487804878","79.97560975609755","0.4548642878926502","17.29268292682927","23.78048780487805","0.7271794871794872","96.84146341463415","0"
"2005-06","1610612766","Charlotte Bobcats","82","26","56","0.3170731707317073","36.109756097560975","83.45121951219512","0.4327049539675581","19.426829268292682","26.658536585365855","0.7287282708142726","96.86585365853658","0"
"2006-07","1610612737","Atlanta Hawks","82","30","52","0.36585365853658536","34.52439024390244","77.70731707317073","0.44428750784682985","20.451219512195124","26.865853658536587","0.7612346799818429","93.65853658536585","0"
"2006-07","1610612738","Boston Celtics","82","24","58","0.2926829268292683","34.853658536585364","78.70731707317073","0.4428261543229005","20.365853658536587","26.5609756097561","0.7667584940312213","95.8170731707317","0"
"2006-07","1610612739","Cleveland Cavaliers","82","50","32","0.6097560975609756","36.31707317073171","81.1951219512195","0.44728146590567736","18.097560975609756","26.01219512195122","0.6957337083919363","96.7560975609756","0"
"2006-07","1610612740","New Orleans/Oklahoma City Hornets","82","39","43","0.47560975609756095","36.23170731707317","81.39024390243902","0.4451603236439916","17.51219512195122","23.670731707317074","0.7398248325605358","95.52439024390245","0"
"2006-07","1610612741","Chicago Bulls","82","49","33","0.5975609756097561","37.146341463414636","81.2560975609756","0.4571514332883086","18.634146341463413","25.402439024390244","0.7335573691790687","98.78048780487805","0"
"2006-07","1610612742","Dallas Mavericks","82","67","15","0.8170731707317073","36.707317073170735","78.5609756097561","0.4672461968332816","20.073170731707318","24.9390243902439","0.8048899755501222","100.01219512195122","0"
"2006-07","1610612743","Denver Nuggets","82","45","37","0.5487804878048781","38.58536585365854","82.98780487804878","0.46495224099926524","22.28048780487805","29.865853658536587","0.7460187831768068","105.35365853658537","0"
"2006-07","1610612744","Golden State Warriors","82","42","40","0.5121951219512195","39.76829268292683","85.95121951219512","0.4626844494892168","18.475609756097562","25.76829268292683","0.7169900615238997","106.54878048780488","0"
"2006-07","1610612745","Houston Rockets","82","52","30","0.6341463414634146","35.4390243902439","79.60975609756098","0.44515931372549017","17.51219512195122","23.24390243902439","0.7534102833158447","96.98780487804878","0"
"2006-07","1610612746","Los Angeles Clippers","82","40","42","0.4878048780487805","35.1219512195122","77.04878048780488","0.45584045584045585","21.573170731707318","27.378048780487806","0.7879732739420935","95.64634146341463","0"
"2006-07","1610612747","Los Angeles Lakers","82","42","40","0.5121951219512195","37.84146341463415","81.26829268292683","0.46563625450180074","20.24390243902439","27.085365853658537","0.7474110760918505","103.34146341463415","0"
"2006-07","1610612748","Miami Heat","82","44","38","0.5365853658536586","35.59756097560975","76.6829268292683","0.4642175572519084","16.98780487804878","24.621951219512194","0.6899455175829619","94.6219512195122","0"
"2006-07","1610612749","Milwaukee Bucks","82","28","54","0.34146341463414637","38.0609756097561","81.8780487804878","0.4648495680667262","17.146341463414632","23.402439024390244","0.7326732673267327","99.65853658536585","0"
"2006-07","1610612750","Minnesota Timberwolves","82","32","50","0.3902439024390244","36.548780487804876","79.3048780487805","0.4608642165154544","18.28048780487805","23.073170731707318","0.7922832980972516","96.0609756097561","0"
"2006-07","1610612751","New Jersey Nets","82","41","41","0.5","35.52439024390244","77.79268292682927","0.4566546480639599","19.097560975609756","26.25609756097561","0.7273571760334417","97.57317073170732","0"
"2006-07","1610612752","New York Knicks","82","33","49","0.4024390243902439","35.40243902439025","77.51219512195122","0.4567337948395217","20.902439024390244","29.21951219512195","0.7153589315525877","97.48780487804878","0"
"2006-07","1610612753","Orlando Magic","82","40","42","0.4878048780487805","35.0609756097561","74.26829268292683","0.4720853858784893","20.475609756097562","29.182926829268293","0.7016297534475554","94.76829268292683","0"
"2006-07","1610612754","Indiana Pacers","82","35","47","0.4268292682926829","35.02439024390244","80.01219512195122","0.43773814967230606","19.695121951219512","25.914634146341463","0.76","95.60975609756098","0"
"2006-07","1610612755","Philadelphia 76ers","82","35","47","0.4268292682926829","35.75609756097561","78.14634146341463","0.4575530586766542","19.963414634146343","26.036585365853657","0.7667447306791569","94.9390243902439","0"
"2006-07","1610612756","Phoenix Suns","82","61","21","0.7439024390243902","41.31707317073171","83.59756097560975","0.49423778264040846","18.0","22.28048780487805","0.8078817733990148","110.20731707317073","0"
"2006-07","1610612757","Portland Trail Blazers","82","32","50","0.3902439024390244","35.048780487804876","77.95121951219512","0.44962453066332914","18.817073170731707","24.463414634146343","0.7691924227318045","94.10975609756098","0"
"2006-07","1610612758","Sacramento Kings","82","33","49","0.4024390243902439","35.86585365853659","79.65853658536585","0.45024494794856096","23.0609756097561","30.158536585365855","0.7646583097452487","101.2560975609756","0"
"2006-07","1610612759","San Antonio Spurs","82","58","24","0.7073170731707317","36.573170731707314","77.17073170731707","0.47392541087231355","18.121951219512194","24.146341463414632","0.7505050505050505","98.52439024390245","1"
"2006-07","1610612760","Seattle SuperSonics","82","31","51","0.3780487804878049","37.15853658536585","80.82926829268293","0.4597163548581774","18.426829268292682","23.304878048780488","0.7906855049712193","99.14634146341463","0"
"2006-07","1610612761","Toronto Raptors","82","47","35","0.573170731707317","36.97560975609756","79.84146341463415","0.4631128761264701","19.048780487804876","24.170731707317074","0.7880928355196771","99.47560975609755","0"
"2006-07","1610612762","Utah Jazz","82","51","31","0.6219512195121951","37.426829268292686","78.91463414634147","0.47426981919332406","22.317073170731707","30.024390243902438","0.743298131600325","101.48780487804878","0"
"2006-07","1610612763","Memphis Grizzlies","82","22","60","0.2682926829268293","36.5609756097561","78.63414634146342","0.4649503722084367","22.378048780487806","29.390243902439025","0.7614107883817427","101.59756097560975","0"
"2006-07","1610612764","Washington Wizards","82","41","41","0.5","37.4390243902439","83.17073170731707","0.4501466275659824","22.621951219512194","29.573170731707318","0.7649484536082474","104.34146341463415","0"
"2006-07","1610612765","Detroit Pistons","82","53","29","0.6463414634146342","35.8780487804878","79.07317073170732","0.4537322640345466","18.76829268292683","24.24390243902439","0.7741448692152918","96.0","0"
"2006-07","1610612766","Charlotte Bobcats","82","33","49","0.4024390243902439","36.09756097560975","81.01219512195122","0.44558181544482917","19.121951219512194","26.048780487804876","0.7340823970037453","96.89024390243902","0"
"2007-08","1610612737","Atlanta Hawks","82","37","45","0.45121951219512196","36.28048780487805","79.90243902439025","0.45405982905982906","20.975609756097562","27.158536585365855","0.7723394701392007","98.21951219512195","0"
"2007-08","1610612738","Boston Celtics","82","66","16","0.8048780487804879","36.41463414634146","76.65853658536585","0.4750238625517022","20.451219512195124","26.536585365853657","0.7706801470588235","100.54878048780488","1"
"2007-08","1610612739","Cleveland Cavaliers","82","45","37","0.5487804878048781","35.81707317073171","81.67073170731707","0.43855457667612363","18.01219512195122","25.134146341463413","0.7166424065987385","96.3780487804878","0"
"2007-08","1610612740","New Orleans Hornets","82","56","26","0.6829268292682927","38.58536585365854","82.8780487804878","0.4655679811653914","16.0","20.817073170731707","0.7685998828353837","100.85365853658537","0"
"2007-08","1610612741","Chicago Bulls","82","33","49","0.4024390243902439","36.426829268292686","83.67073170731707","0.43535927707331296","18.695121951219512","24.74390243902439","0.7555446032528339","97.32926829268293","0"
"2007-08","1610612742","Dallas Mavericks","82","51","31","0.6219512195121951","36.890243902439025","79.45121951219512","0.46431312356101306","20.609756097560975","25.304878048780488","0.8144578313253013","100.41463414634147","0"
"2007-08","1610612743","Denver Nuggets","82","50","32","0.6097560975609756","40.329268292682926","85.82926829268293","0.46987780619494174","23.0609756097561","30.71951219512195","0.7506947201270345","110.65853658536585","0"
"2007-08","1610612744","Golden State Warriors","82","48","34","0.5853658536585366","41.5","90.3170731707317","0.4594923035376722","18.75609756097561","24.926829268292682","0.7524461839530333","111.03658536585365","0"
"2007-08","1610612745","Houston Rockets","82","55","27","0.6707317073170732","36.6219512195122","81.6829268292683","0.44834278889220663","16.365853658536587","22.536585365853657","0.7261904761904762","96.71951219512195","0"
"2007-08","1610612746","Los Angeles Clippers","82","23","59","0.2804878048780488","34.390243902439025","78.59756097560975","0.4375484871993794","20.75609756097561","26.5609756097561","0.7814508723599632","93.8048780487805","0"
"2007-08","1610612747","Los Angeles Lakers","82","57","25","0.6951219512195121","39.609756097560975","83.14634146341463","0.47638603696098564","21.29268292682927","27.682926829268293","0.7691629955947137","108.58536585365853","0"
"2007-08","1610612748","Miami Heat","82","15","67","0.18292682926829268","34.24390243902439","77.26829268292683","0.4431818181818182","16.878048780487806","23.20731707317073","0.7272727272727273","91.35365853658537","0"
"2007-08","1610612749","Milwaukee Bucks","82","26","56","0.3170731707317073","36.90243902439025","82.2560975609756","0.4486286137879911","17.70731707317073","24.146341463414632","0.7333333333333333","97.02439024390245","0"
"2007-08","1610612750","Minnesota Timberwolves","82","22","60","0.2682926829268293","37.51219512195122","83.13414634146342","0.451224878979023","15.195121951219512","20.646341463414632","0.7359716479621973","95.59756097560975","0"
"2007-08","1610612751","New Jersey Nets","82","34","48","0.4146341463414634","34.829268292682926","78.65853658536585","0.4427906976744186","20.085365853658537","27.28048780487805","0.7362539114886008","95.8170731707317","0"
"2007-08","1610612752","New York Knicks","82","23","59","0.2804878048780488","36.18292682926829","82.40243902439025","0.43910019239307385","18.585365853658537","25.548780487804876","0.7274463007159905","96.92682926829268","0"
"2007-08","1610612753","Orlando Magic","82","52","30","0.6341463414634146","37.292682926829265","78.60975609756098","0.47440273037542663","20.121951219512194","27.902439024390244","0.7211538461538461","104.47560975609755","0"
"2007-08","1610612754","Indiana Pacers","82","36","46","0.43902439024390244","37.829268292682926","85.28048780487805","0.4435864435864436","19.121951219512194","24.902439024390244","0.7678746327130265","103.98780487804878","0"
"2007-08","1610612755","Philadelphia 76ers","82","40","42","0.4878048780487805","37.26829268292683","81.07317073170732","0.45968712394705175","18.402439024390244","26.0609756097561","0.7061300889096864","96.6219512195122","0"
"2007-08","1610612756","Phoenix Suns","82","55","27","0.6707317073170732","41.36585365853659","82.70731707317073","0.5001474491300502","18.878048780487806","24.109756097560975","0.7830045523520486","110.07317073170732","0"
"2007-08","1610612757","Portland Trail Blazers","82","41","41","0.5","35.792682926829265","79.82926829268293","0.44836541399327834","17.21951219512195","22.451219512195124","0.7669744703965237","95.36585365853658","0"
"2007-08","1610612758","Sacramento Kings","82","38","44","0.4634146341463415","37.109756097560975","79.97560975609755","0.4640134187252211","22.097560975609756","27.70731707317073","0.7975352112676056","102.53658536585365","0"
"2007-08","1610612759","San Antonio Spurs","82","56","26","0.6829268292682927","35.829268292682926","78.34146341463415","0.45734744707347447","16.463414634146343","21.634146341463413","0.7609921082299888","95.36585365853658","0"
"2007-08","1610612760","Seattle SuperSonics","82","20","62","0.24390243902439024","38.109756097560975","85.7560975609756","0.44439704209328784","17.51219512195122","22.75609756097561","0.7695605573419079","97.54878048780488","0"
"2007-08","1610612761","Toronto Raptors","82","41","41","0.5","38.390243902439025","82.02439024390245","0.4680344930121915","16.426829268292682","20.21951219512195","0.8124246079613993","100.1829268292683","0"
"2007-08","1610612762","Utah Jazz","82","54","28","0.6585365853658537","39.98780487804878","80.39024390243902","0.4974211165048544","21.28048780487805","28.024390243902438","0.7593559617058312","106.21951219512195","0"
"2007-08","1610612763","Memphis Grizzlies","82","22","60","0.2682926829268293","37.31707317073171","82.15853658536585","0.45420810449755084","18.5","25.573170731707318","0.7234144015259895","100.6951219512195","0"
"2007-08","1610612764","Washington Wizards","82","43","39","0.524390243902439","36.41463414634146","81.64634146341463","0.44600448095593725","18.98780487804878","24.28048780487805","0.7820190858864892","98.82926829268293","0"
"2007-08","1610612765","Detroit Pistons","82","59","23","0.7195121951219512","36.573170731707314","79.89024390243902","0.4577927034040605","18.378048780487806","23.963414634146343","0.7669211195928753","97.46341463414635","0"
"2007-08","1610612766","Charlotte Bobcats","82","32","50","0.3902439024390244","36.09756097560975","79.92682926829268","0.4516325907842539","18.414634146341463","25.79268292682927","0.7139479905437353","97.0609756097561","0"
"2008-09","1610612737","Atlanta Hawks","82","47","35","0.573170731707317","36.048780487804876","78.67073170731707","0.4582235312354674","18.74390243902439","25.426829268292682","0.7371702637889688","98.1219512195122","0"
"2008-09","1610612738","Boston Celtics","82","62","20","0.7560975609756098","37.5","77.23170731707317","0.4855518711511132","19.353658536585368","25.304878048780488","0.7648192771084338","100.91463414634147","0"
"2008-09","1610612739","Cleveland Cavaliers","82","66","16","0.8048780487804879","36.853658536585364","78.70731707317073","0.4682367524016114","18.573170731707318","24.536585365853657","0.7569582504970179","100.28048780487805","0"
"2008-09","1610612740","New Orleans Hornets","82","49","33","0.5975609756097561","35.5","77.63414634146342","0.4572730128809299","18.036585365853657","22.353658536585368","0.806873977086743","95.8170731707317","0"
"2008-09","1610612741","Chicago Bulls","82","41","41","0.5","38.1219512195122","83.48780487804878","0.4566170026292726","19.914634146341463","25.024390243902438","0.7958089668615984","102.17073170731707","0"
"2008-09","1610612742","Dallas Mavericks","82","50","32","0.6097560975609756","38.146341463414636","82.5609756097561","0.4620384047267356","18.48780487804878","22.585365853658537","0.8185745140388769","101.7439024390244","0"
"2008-09","1610612743","Denver Nuggets","82","54","28","0.6585365853658537","37.292682926829265","79.39024390243902","0.4697388632872504","23.0609756097561","30.329268292682926","0.7603538399678327","104.32926829268293","0"
"2008-09","1610612744","Golden State Warriors","82","29","53","0.35365853658536583","39.40243902439025","86.03658536585365","0.45797306874557053","23.085365853658537","29.170731707317074","0.7913879598662207","108.59756097560975","0"
"2008-09","1610612745","Houston Rockets","82","53","29","0.6463414634146342","36.08536585365854","79.58536585365853","0.4534171008274594","18.670731707317074","23.20731707317073","0.8045191802417236","98.41463414634147","0"
"2008-09","1610612746","Los Angeles Clippers","82","19","63","0.23170731707317074","36.03658536585366","81.65853658536585","0.4413082437275986","16.51219512195122","22.426829268292682","0.7362697117998912","95.10975609756098","0"
"2008-09","1610612747","Los Angeles Lakers","82","65","17","0.7926829268292683","40.329268292682926","85.13414634146342","0.47371436756911617","19.597560975609756","25.451219512195124","0.7700047915668423","106.92682926829268","1"
"2008-09","1610612748","Miami Heat","82","43","39","0.524390243902439","37.0","81.04878048780488","0.4565151971110442","17.20731707317073","22.817073170731707","0.7541421699625869","98.3048780487805","0"
"2008-09","1610612749","Milwaukee Bucks","82","34","48","0.4146341463414634","36.69512195121951","82.3780487804878","0.4454478164322724","19.670731707317074","25.20731707317073","0.7803580067731011","99.29268292682927","0"
"2008-09","1610612750","Minnesota Timberwolves","82","24","58","0.2926829268292683","36.41463414634146","82.51219512195122","0.44132426840082767","18.341463414634145","23.865853658536587","0.7685232498722534","97.79268292682927","0"
"2008-09","1610612751","New Jersey Nets","82","34","48","0.4146341463414634","35.670731707317074","79.70731707317073","0.44752141982864135","18.804878048780488","24.146341463414632","0.7787878787878788","98.09756097560975","0"
"2008-09","1610612752","New York Knicks","82","32","50","0.3902439024390244","38.5","86.47560975609755","0.4452122408687068","18.170731707317074","23.170731707317074","0.7842105263157895","105.20731707317073","0"
"2008-09","1610612753","Orlando Magic","82","59","23","0.7195121951219512","35.71951219512195","78.2439024390244","0.4565149625935162","19.646341463414632","27.475609756097562","0.715046604527297","101.04878048780488","0"
"2008-09","1610612754","Indiana Pacers","82","36","46","0.43902439024390244","39.26829268292683","86.34146341463415","0.4548022598870056","18.597560975609756","23.048780487804876","0.8068783068783069","105.08536585365853","0"
"2008-09","1610612755","Philadelphia 76ers","82","41","41","0.5","36.548780487804876","79.65853658536585","0.4588181261481935","20.146341463414632","27.024390243902438","0.7454873646209387","97.40243902439025","0"
"2008-09","1610612756","Phoenix Suns","82","46","36","0.5609756097560976","41.13414634146341","81.64634146341463","0.5038088125466766","20.426829268292682","27.451219512195124","0.7441137272323411","109.4390243902439","0"
"2008-09","1610612757","Portland Trail Blazers","82","54","28","0.6585365853658537","36.80487804878049","79.1951219512195","0.46473668001231905","18.548780487804876","24.24390243902439","0.7650905432595574","99.42682926829268","0"
"2008-09","1610612758","Sacramento Kings","82","17","65","0.2073170731707317","36.46341463414634","81.52439024390245","0.4472700074794316","20.51219512195122","25.695121951219512","0.7982914095870907","100.58536585365853","0"
"2008-09","1610612759","San Antonio Spurs","82","54","28","0.6585365853658537","37.09756097560975","79.6829268292683","0.465564738292011","15.231707317073171","20.01219512195122","0.761121267519805","97.04878048780488","0"
"2008-09","1610612760","Oklahoma City Thunder","82","23","59","0.2804878048780488","36.573170731707314","81.90243902439025","0.44654556283502084","19.829268292682926","25.23170731707317","0.7858869018849686","96.97560975609755","0"
"2008-09","1610612761","Toronto Raptors","82","33","49","0.4024390243902439","37.24390243902439","81.3780487804878","0.45766521804285926","18.70731707317073","22.695121951219512","0.8242880171950564","99.03658536585365","0"
"2008-09","1610612762","Utah Jazz","82","48","34","0.5853658536585366","38.329268292682926","80.76829268292683","0.4745583572399215","22.121951219512194","28.682926829268293","0.7712585034013606","103.5609756097561","0"
"2008-09","1610612763","Memphis Grizzlies","82","24","58","0.2926829268292683","34.9390243902439","76.96341463414635","0.45396926002218346","19.146341463414632","25.329268292682926","0.7558979297063072","93.8780487804878","0"
"2008-09","1610612764","Washington Wizards","82","19","63","0.23170731707317074","36.51219512195122","81.15853658536585","0.4498873027798648","18.21951219512195","23.75609756097561","0.7669404517453798","96.0609756097561","0"
"2008-09","1610612765","Detroit Pistons","82","39","43","0.47560975609756095","36.353658536585364","79.98780487804878","0.4544900137216039","16.926829268292682","22.548780487804876","0.7506760411032991","94.23170731707317","0"
"2008-09","1610612766","Charlotte Bobcats","82","35","47","0.4268292682926829","34.951219512195124","76.8170731707317","0.4549928560088903","17.74390243902439","23.963414634146343","0.7404580152671756","93.6219512195122","0"
"2009-10","1610612737","Atlanta Hawks","82","53","29","0.6463414634146342","38.792682926829265","82.9390243902439","0.46772533450963094","17.70731707317073","23.341463414634145","0.7586206896551724","101.6829268292683","0"
"2009-10","1610612738","Boston Celtics","82","50","32","0.6097560975609756","37.0609756097561","76.7560975609756","0.4828408007626311","19.01219512195122","25.48780487804878","0.745933014354067","99.21951219512195","0"
"2009-10","1610612739","Cleveland Cavaliers","82","61","21","0.7439024390243902","37.81707317073171","77.9390243902439","0.48521358159912376","19.134146341463413","26.585365853658537","0.7197247706422019","102.10975609756098","0"
"2009-10","1610612740","New Orleans Hornets","82","37","45","0.45121951219512196","38.75609756097561","83.4390243902439","0.4644840689856767","15.768292682926829","20.25609756097561","0.7784467188440698","100.2439024390244","0"
"2009-10","1610612741","Chicago Bulls","82","41","41","0.5","37.573170731707314","83.23170731707317","0.4514285714285714","18.036585365853657","23.926829268292682","0.753822629969419","97.47560975609755","0"
"2009-10","1610612742","Dallas Mavericks","82","55","27","0.6707317073170732","38.292682926829265","82.4390243902439","0.46449704142011833","18.609756097560975","22.804878048780488","0.8160427807486631","102.0","0"
"2009-10","1610612743","Denver Nuggets","82","53","29","0.6463414634146342","38.09756097560975","81.4390243902439","0.46780473195567535","23.621951219512194","30.585365853658537","0.7723285486443381","106.45121951219512","0"
"2009-10","1610612744","Golden State Warriors","82","26","56","0.3170731707317073","40.59756097560975","86.51219512195122","0.4692698054694108","19.890243902439025","25.426829268292682","0.7822541966426858","108.8048780487805","0"
"2009-10","1610612745","Houston Rockets","82","42","40","0.5121951219512195","37.73170731707317","84.42682926829268","0.44691607684529827","19.036585365853657","24.658536585365855","0.7720079129574678","102.3780487804878","0"
"2009-10","1610612746","Los Angeles Clippers","82","29","53","0.35365853658536583","36.609756097560975","80.5","0.4547795788516891","16.609756097560975","22.76829268292683","0.7295125870380289","95.71951219512195","0"
"2009-10","1610612747","Los Angeles Lakers","82","57","25","0.6951219512195121","38.34146341463415","83.84146341463415","0.4573090909090909","18.524390243902438","24.20731707317073","0.7652392947103275","101.6951219512195","1"
"2009-10","1610612748","Miami Heat","82","47","35","0.573170731707317","36.390243902439025","79.48780487804878","0.4578091439091746","17.70731707317073","23.548780487804876","0.7519419989642672","96.51219512195122","0"
"2009-10","1610612749","Milwaukee Bucks","82","46","36","0.5609756097560976","37.19512195121951","85.34146341463415","0.43583881108888256","15.414634146341463","20.426829268292682","0.7546268656716418","97.67073170731707","0"
"2009-10","1610612750","Minnesota Timberwolves","82","15","67","0.18292682926829268","37.8780487804878","84.42682926829268","0.4486494294381049","17.51219512195122","23.48780487804878","0.7455867082035307","98.1829268292683","0"
"2009-10","1610612751","New Jersey Nets","82","12","70","0.14634146341463414","34.30487804878049","79.92682926829268","0.42920353982300885","19.170731707317074","24.573170731707318","0.7801488833746898","92.3780487804878","0"
"2009-10","1610612752","New York Knicks","82","29","53","0.35365853658536583","38.13414634146341","83.85365853658537","0.4547702152414194","16.78048780487805","21.451219512195124","0.7822626492325184","102.10975609756098","0"
"2009-10","1610612753","Orlando Magic","82","59","23","0.7195121951219512","36.646341463414636","77.97560975609755","0.46997184860807006","19.20731707317073","26.536585365853657","0.7238051470588235","102.7560975609756","0"
"2009-10","1610612754","Indiana Pacers","82","32","50","0.3902439024390244","36.829268292682926","83.20731707317073","0.44262054814597684","19.073170731707318","24.621951219512194","0.7746409113422487","100.76829268292683","0"
"2009-10","1610612755","Philadelphia 76ers","82","27","55","0.32926829268292684","37.646341463414636","81.78048780487805","0.4603340292275574","16.658536585365855","22.048780487804876","0.7555309734513275","97.73170731707317","0"
"2009-10","1610612756","Phoenix Suns","82","54","28","0.6585365853658537","40.71951219512195","82.78048780487805","0.4918974661166765","19.890243902439025","25.817073170731707","0.7704298535663675","110.23170731707317","0"
"2009-10","1610612757","Portland Trail Blazers","82","50","32","0.6097560975609756","36.26829268292683","78.6951219512195","0.46087091275375797","19.585365853658537","24.79268292682927","0.7899655681259223","98.10975609756098","0"
"2009-10","1610612758","Sacramento Kings","82","25","57","0.3048780487804878","38.34146341463415","84.08536585365853","0.45598259608411895","17.4390243902439","24.01219512195122","0.7262569832402235","100.0","0"
"2009-10","1610612759","San Antonio Spurs","82","50","32","0.6097560975609756","38.41463414634146","81.20731707317073","0.4730440006006908","17.78048780487805","24.01219512195122","0.7404773996952768","101.36585365853658","0"
"2009-10","1610612760","Oklahoma City Thunder","82","50","32","0.6097560975609756","37.353658536585364","80.84146341463415","0.4620606426308644","21.682926829268293","26.951219512195124","0.8045248868778281","101.48780487804878","0"
"2009-10","1610612761","Toronto Raptors","82","40","42","0.4878048780487805","39.01219512195122","80.86585365853658","0.48243100588146587","19.73170731707317","25.829268292682926","0.7639282341831917","104.07317073170732","0"
"2009-10","1610612762","Utah Jazz","82","53","29","0.6463414634146342","39.353658536585364","80.1829268292683","0.49079847908745244","20.170731707317074","27.23170731707317","0.7407075682937752","104.23170731707317","0"
"2009-10","1610612763","Memphis Grizzlies","82","40","42","0.4878048780487805","39.30487804878049","83.84146341463415","0.4688","19.682926829268293","26.853658536585368","0.7329700272479565","102.48780487804878","0"
"2009-10","1610612764","Washington Wizards","82","26","56","0.3170731707317073","36.68292682926829","81.70731707317073","0.448955223880597","17.609756097560975","23.109756097560975","0.7620052770448549","96.2439024390244","0"
"2009-10","1610612765","Detroit Pistons","82","27","55","0.32926829268292684","35.853658536585364","80.51219512195122","0.4453196001211754","17.74390243902439","24.365853658536587","0.7282282282282282","94.01219512195122","0"
"2009-10","1610612766","Charlotte Bobcats","82","44","38","0.5365853658536586","34.853658536585364","76.90243902439025","0.45321915635902316","19.963414634146343","26.585365853658537","0.7509174311926605","95.28048780487805","0"
"2010-11","1610612737","Atlanta Hawks","82","44","38","0.5365853658536586","36.23170731707317","78.40243902439025","0.46212474723907293","16.414634146341463","21.073170731707318","0.7789351851851852","95.0","0"
"2010-11","1610612738","Boston Celtics","82","56","26","0.6829268292682927","36.86585365853659","75.84146341463415","0.4860910114166265","17.79268292682927","23.109756097560975","0.7699208443271768","96.5","0"
"2010-11","1610612739","Cleveland Cavaliers","82","19","63","0.23170731707317074","35.19512195121951","81.0609756097561","0.4341808334587032","18.853658536585368","25.304878048780488","0.7450602409638554","95.45121951219512","0"
"2010-11","1610612740","New Orleans Hornets","82","46","36","0.5609756097560976","35.90243902439025","78.2439024390244","0.45885286783042395","17.70731707317073","23.134146341463413","0.7654190827622562","94.92682926829268","0"
"2010-11","1610612741","Chicago Bulls","82","62","20","0.7560975609756098","37.09756097560975","80.32926829268293","0.4618187338697434","18.195121951219512","24.48780487804878","0.7430278884462151","98.6219512195122","0"
"2010-11","1610612742","Dallas Mavericks","82","57","25","0.6951219512195121","37.426829268292686","78.8170731707317","0.4748568776110166","17.524390243902438","22.5609756097561","0.7767567567567567","100.2439024390244","1"
"2010-11","1610612743","Denver Nuggets","82","50","32","0.6097560975609756","38.353658536585364","80.64634146341463","0.4755784061696658","22.670731707317074","29.621951219512194","0.7653355290242898","107.45121951219512","0"
"2010-11","1610612744","Golden State Warriors","82","36","46","0.43902439024390244","39.646341463414636","85.9390243902439","0.4613310628636299","15.731707317073171","20.670731707317074","0.7610619469026548","103.3780487804878","0"
"2010-11","1610612745","Houston Rockets","82","43","39","0.524390243902439","38.65853658536585","85.0609756097561","0.4544802867383513","20.341463414634145","25.402439024390244","0.8007681228996639","105.91463414634147","0"
"2010-11","1610612746","Los Angeles Clippers","82","32","50","0.3902439024390244","36.76829268292683","80.41463414634147","0.4572338489535942","18.853658536585368","26.670731707317074","0.706904435299497","98.64634146341463","0"
"2010-11","1610612747","Los Angeles Lakers","82","57","25","0.6951219512195121","38.146341463414636","82.40243902439025","0.4629273346159538","18.79268292682927","24.134146341463413","0.7786760990399192","101.47560975609755","0"
"2010-11","1610612748","Miami Heat","82","58","24","0.7073170731707317","36.96341463414634","76.84146341463415","0.48103475638787496","21.463414634146343","27.902439024390244","0.7692307692307693","102.0609756097561","0"
"2010-11","1610612749","Milwaukee Bucks","82","35","47","0.4268292682926829","34.31707317073171","79.8048780487805","0.4300122249388753","17.353658536585368","22.9390243902439","0.7565124933545986","91.8780487804878","0"
"2010-11","1610612750","Minnesota Timberwolves","82","17","65","0.2073170731707317","37.68292682926829","85.53658536585365","0.4405474764756202","18.524390243902438","24.109756097560975","0.7683358624178047","101.07317073170732","0"
"2010-11","1610612751","New Jersey Nets","82","24","58","0.2926829268292683","35.58536585365854","80.95121951219512","0.43959023802350106","17.402439024390244","22.9390243902439","0.7586390217969166","94.17073170731707","0"
"2010-11","1610612752","New York Knicks","82","42","40","0.5121951219512195","38.292682926829265","83.7439024390244","0.45725935634192516","20.597560975609756","25.451219512195124","0.8092956396741735","106.51219512195122","0"
"2010-11","1610612753","Orlando Magic","82","52","30","0.6341463414634146","36.048780487804876","78.1829268292683","0.4610825144283263","17.71951219512195","25.621951219512194","0.6915754402665397","99.20731707317073","0"
"2010-11","1610612754","Indiana Pacers","82","37","45","0.45121951219512196","36.6219512195122","82.76829268292683","0.44246353322528365","19.414634146341463","24.817073170731707","0.7823095823095824","99.79268292682927","0"
"2010-11","1610612755","Philadelphia 76ers","82","41","41","0.5","38.109756097560975","82.63414634146342","0.4611865407319953","17.390243902439025","22.573170731707318","0.7703943814154511","99.01219512195122","0"
"2010-11","1610612756","Phoenix Suns","82","40","42","0.4878048780487805","39.25609756097561","83.46341463414635","0.4703389830508475","17.951219512195124","23.646341463414632","0.7591542031975245","105.01219512195122","0"
"2010-11","1610612757","Portland Trail Blazers","82","48","34","0.5853658536585366","35.98780487804878","80.47560975609755","0.4471889680254584","18.0","22.378048780487806","0.8043596730245232","96.29268292682927","0"
"2010-11","1610612758","Sacramento Kings","82","24","58","0.2926829268292683","38.21951219512195","85.10975609756098","0.4490614701246597","17.74390243902439","24.158536585365855","0.7344775365976779","99.40243902439025","0"
"2010-11","1610612759","San Antonio Spurs","82","61","21","0.7439024390243902","38.390243902439025","80.82926829268293","0.4749547374773687","18.548780487804876","24.195121951219512","0.766633064516129","103.6829268292683","0"
"2010-11","1610612760","Oklahoma City Thunder","82","55","27","0.6707317073170732","37.390243902439025","80.59756097560975","0.46391284611892875","24.109756097560975","29.28048780487805","0.8234069137859226","104.82926829268293","0"
"2010-11","1610612761","Toronto Raptors","82","22","60","0.2682926829268293","38.34146341463415","82.3780487804878","0.46543301258327163","18.182926829268293","24.097560975609756","0.7545546558704453","99.07317073170732","0"
"2010-11","1610612762","Utah Jazz","82","39","43","0.47560975609756095","37.36585365853659","80.36585365853658","0.46494688922610017","19.390243902439025","25.134146341463413","0.7714701601164483","99.42682926829268","0"
"2010-11","1610612763","Memphis Grizzlies","82","46","36","0.5609756097560976","39.02439024390244","82.9390243902439","0.4705190413174533","18.121951219512194","24.158536585365855","0.7501261988894498","99.9390243902439","0"
"2010-11","1610612764","Washington Wizards","82","23","59","0.2804878048780488","37.170731707317074","84.0","0.4425087108013937","18.158536585365855","24.378048780487806","0.7448724362181091","97.28048780487805","0"
"2010-11","1610612765","Detroit Pistons","82","30","52","0.36585365853658536","37.26829268292683","81.0609756097561","0.45975628102903565","16.670731707317074","22.609756097560975","0.7373247033441208","96.96341463414635","0"
"2010-11","1610612766","Charlotte Bobcats","82","34","48","0.4146341463414634","35.03658536585366","77.6219512195122","0.4513747054202671","18.426829268292682","24.378048780487806","0.7558779389694847","93.29268292682927","0"
"2011-12","1610612737","Atlanta Hawks","66","40","26","0.6060606060606061","36.803030303030305","81.03030303030303","0.45418848167539266","15.530303030303031","20.984848484848484","0.740072202166065","96.5909090909091","0"
"2011-12","1610612738","Boston Celtics","66","39","27","0.5909090909090909","35.46969696969697","77.06060606060606","0.4602831301612269","15.409090909090908","19.818181818181817","0.7775229357798165","91.84848484848484","0"
"2011-12","1610612739","Cleveland Cavaliers","66","21","45","0.3181818181818182","34.25757575757576","81.21212121212122","0.4218283582089552","17.848484848484848","24.924242424242426","0.7161094224924012","93.03030303030303","0"
"2011-12","1610612740","New Orleans Hornets","66","21","45","0.3181818181818182","34.84848484848485","77.31818181818181","0.45071526553008034","16.015151515151516","21.166666666666668","0.7566213314244811","89.63636363636364","0"
"2011-12","1610612741","Chicago Bulls","66","50","16","0.7575757575757576","37.378787878787875","82.75757575757575","0.4516660563896009","15.242424242424242","21.12121212121212","0.7216642754662841","96.34848484848484","0"
"2011-12","1610612742","Dallas Mavericks","66","36","30","0.5454545454545454","36.333333333333336","82.0","0.44308943089430897","15.590909090909092","20.21212121212121","0.7713643178410795","95.78787878787878","0"
"2011-12","1610612743","Denver Nuggets","66","38","28","0.5757575757575758","38.96969696969697","81.87878787878788","0.4759437453737972","19.59090909090909","26.666666666666668","0.7346590909090909","104.12121212121212","0"
"2011-12","1610612744","Golden State Warriors","66","23","43","0.3484848484848485","37.71212121212121","82.46969696969697","0.4572845857064119","14.409090909090908","18.71212121212121","0.7700404858299595","97.77272727272727","0"
"2011-12","1610612745","Houston Rockets","66","34","32","0.5151515151515151","37.71212121212121","83.98484848484848","0.4490348186902399","15.424242424242424","19.71212121212121","0.7824750192159877","98.0909090909091","0"
"2011-12","1610612746","Los Angeles Clippers","66","40","26","0.6060606060606061","36.95454545454545","81.3030303030303","0.45452851285874024","15.848484848484848","23.303030303030305","0.6801040312093628","97.54545454545455","0"
"2011-12","1610612747","Los Angeles Lakers","66","41","25","0.6212121212121212","36.803030303030305","80.5909090909091","0.4566647866140252","18.21212121212121","24.075757575757574","0.7564505978602895","97.3030303030303","0"
"2011-12","1610612748","Miami Heat","66","46","20","0.696969696969697","37.06060606060606","78.96969696969697","0.4693016116653876","18.757575757575758","24.21212121212121","0.7747183979974969","98.48484848484848","1"
"2011-12","1610612749","Milwaukee Bucks","66","31","35","0.4696969696969697","37.90909090909091","85.63636363636364","0.4426751592356688","16.59090909090909","21.439393939393938","0.773851590106007","99.01515151515152","0"
"2011-12","1610612750","Minnesota Timberwolves","66","26","40","0.3939393939393939","35.68181818181818","82.33333333333333","0.43338240706661757","19.40909090909091","25.181818181818183","0.7707581227436823","97.93939393939394","0"
"2011-12","1610612751","New Jersey Nets","66","22","44","0.3333333333333333","34.27272727272727","80.60606060606061","0.425187969924812","16.863636363636363","21.71212121212121","0.776692254012561","93.0909090909091","0"
"2011-12","1610612752","New York Knicks","66","36","30","0.5454545454545454","35.833333333333336","80.83333333333333","0.44329896907216493","18.348484848484848","24.757575757575758","0.741126070991432","97.84848484848484","0"
"2011-12","1610612753","Orlando Magic","66","37","29","0.5606060606060606","34.46969696969697","78.21212121212122","0.44072065091049983","15.075757575757576","22.848484848484848","0.6598143236074271","94.16666666666667","0"
"2011-12","1610612754","Indiana Pacers","66","42","24","0.6363636363636364","35.666666666666664","81.43939393939394","0.437953488372093","20.439393939393938","26.12121212121212","0.7824825986078886","97.71212121212122","0"
"2011-12","1610612755","Philadelphia 76ers","66","35","31","0.5303030303030303","37.43939393939394","83.57575757575758","0.4479695431472081","13.469696969696969","18.151515151515152","0.7420701168614358","93.63636363636364","0"
"2011-12","1610612756","Phoenix Suns","66","33","33","0.5","37.803030303030305","82.5","0.45821854912764004","16.03030303030303","21.166666666666668","0.7573371510379384","98.36363636363636","0"
"2011-12","1610612757","Portland Trail Blazers","66","28","38","0.42424242424242425","36.39393939393939","82.07575757575758","0.44341886653129037","17.166666666666668","21.560606060606062","0.7962052002810963","97.1969696969697","0"
"2011-12","1610612758","Sacramento Kings","66","22","44","0.3333333333333333","37.72727272727273","86.54545454545455","0.43592436974789917","17.075757575757574","23.21212121212121","0.7356396866840731","98.75757575757575","0"
"2011-12","1610612759","San Antonio Spurs","66","50","16","0.7575757575757576","39.56060606060606","82.77272727272727","0.47794252242357677","16.166666666666668","21.62121212121212","0.7477224947442186","103.65151515151516","0"
"2011-12","1610612760","Oklahoma City Thunder","66","47","19","0.7121212121212122","37.303030303030305","79.22727272727273","0.47083572384777206","21.303030303030305","26.424242424242426","0.8061926605504587","103.06060606060606","0"
"2011-12","1610612761","Toronto Raptors","66","23","43","0.3484848484848485","34.36363636363637","78.0909090909091","0.440046565774156","16.439393939393938","21.363636363636363","0.7695035460992907","90.6969696969697","0"
"2011-12","1610612762","Utah Jazz","66","36","30","0.5454545454545454","38.22727272727273","83.8030303030303","0.45615621045018984","19.060606060606062","25.272727272727273","0.7541966426858513","99.65151515151516","0"
"2011-12","1610612763","Memphis Grizzlies","66","41","25","0.6212121212121212","36.74242424242424","82.15151515151516","0.44725193655477685","17.303030303030305","22.78787878787879","0.7593085106382979","94.98484848484848","0"
"2011-12","1610612764","Washington Wizards","66","20","46","0.30303030303030304","36.57575757575758","82.95454545454545","0.4409132420091324","15.272727272727273","21.0","0.7272727272727273","93.63636363636364","0"
"2011-12","1610612765","Detroit Pistons","66","25","41","0.3787878787878788","34.71212121212121","79.27272727272727","0.4378822629969419","16.636363636363637","22.136363636363637","0.7515400410677618","90.86363636363636","0"
"2011-12","1610612766","Charlotte Bobcats","66","7","59","0.10606060606060606","33.22727272727273","80.1969696969697","0.4143208010580011","16.515151515151516","22.151515151515152","0.7455540355677155","86.95454545454545","0"
"2012-13","1610612737","Atlanta Hawks","82","44","38","0.5365853658536586","37.609756097560975","81.02439024390245","0.4641782059000602","14.121951219512194","19.74390243902439","0.7152563310685608","97.95121951219512","0"
"2012-13","1610612738","Boston Celtics","81","41","40","0.5061728395061729","37.04938271604938","79.74074074074075","0.4646230066573773","16.271604938271604","20.962962962962962","0.7762073027090695","96.51851851851852","0"
"2012-13","1610612739","Cleveland Cavaliers","82","24","58","0.2926829268292683","36.5","84.15853658536585","0.4337052601072308","16.829268292682926","22.26829268292683","0.755750273822563","96.5","0"
"2012-13","1610612740","New Orleans Hornets","82","27","55","0.32926829268292684","36.03658536585366","80.35365853658537","0.44847473061162546","15.475609756097562","19.951219512195124","0.7756723716381418","94.07317073170732","0"
"2012-13","1610612741","Chicago Bulls","82","45","37","0.5487804878048781","35.68292682926829","81.6829268292683","0.43684681994625263","16.378048780487806","21.195121951219512","0.7727272727272727","93.1829268292683","0"
"2012-13","1610612742","Dallas Mavericks","82","41","41","0.5","38.80487804878049","84.04878048780488","0.4616947185142194","16.134146341463413","20.353658536585368","0.792690233672858","101.13414634146342","0"
"2012-13","1610612743","Denver Nuggets","82","57","25","0.6951219512195121","40.71951219512195","85.15853658536585","0.47816124874695687","18.353658536585368","26.195121951219512","0.7006517690875232","106.14634146341463","0"
"2012-13","1610612744","Golden State Warriors","82","47","35","0.573170731707317","38.170731707317074","83.41463414634147","0.45760233918128657","16.804878048780488","21.26829268292683","0.7901376146788991","101.17073170731707","0"
"2012-13","1610612745","Houston Rockets","82","45","37","0.5487804878048781","38.09756097560975","82.70731707317073","0.4606310822766146","19.182926829268293","25.451219512195124","0.753713464302827","105.95121951219512","0"
"2012-13","1610612746","Los Angeles Clippers","82","56","26","0.6829268292682927","38.53658536585366","80.58536585365853","0.4782082324455206","16.365853658536587","23.024390243902438","0.7108050847457628","101.08536585365853","0"
"2012-13","1610612747","Los Angeles Lakers","82","45","37","0.5487804878048781","37.08536585365854","80.97560975609755","0.4579819277108434","19.317073170731707","27.914634146341463","0.6920052424639581","102.20731707317073","0"
"2012-13","1610612748","Miami Heat","82","66","16","0.8048780487804879","38.390243902439025","77.41463414634147","0.4959042218021424","17.353658536585368","23.01219512195122","0.7541070482246953","102.8780487804878","1"
"2012-13","1610612749","Milwaukee Bucks","82","38","44","0.4634146341463415","38.146341463414636","87.76829268292683","0.4346255384187856","15.25609756097561","20.73170731707317","0.7358823529411764","98.8780487804878","0"
"2012-13","1610612750","Minnesota Timberwolves","82","31","51","0.3780487804878049","35.890243902439025","81.73170731707317","0.43912264995523725","18.475609756097562","24.902439024390244","0.7419196865817825","95.7439024390244","0"
"2012-13","1610612751","Brooklyn Nets","82","49","33","0.5975609756097561","35.8780487804878","79.8048780487805","0.4495721271393643","17.463414634146343","23.878048780487806","0.7313585291113381","96.8780487804878","0"
"2012-13","1610612752","New York Knicks","82","54","28","0.6585365853658537","36.53658536585366","81.57317073170732","0.44789953655254894","16.01219512195122","21.085365853658537","0.7593984962406015","99.95121951219512","0"
"2012-13","1610612753","Orlando Magic","82","20","62","0.24390243902439024","37.71951219512195","84.1951219512195","0.44800115874855156","12.512195121951219","16.573170731707318","0.7549668874172185","94.1219512195122","0"
"2012-13","1610612754","Indiana Pacers","81","49","32","0.6049382716049383","35.123456790123456","80.55555555555556","0.4360153256704981","17.641975308641975","23.641975308641975","0.7462140992167102","94.74074074074075","0"
"2012-13","1610612755","Philadelphia 76ers","82","34","48","0.4146341463414634","37.30487804878049","84.08536585365853","0.4436548223350254","12.24390243902439","16.79268292682927","0.729121278140886","93.17073170731707","0"
"2012-13","1610612756","Phoenix Suns","82","25","57","0.3048780487804878","37.329268292682926","84.35365853658537","0.4425328899812057","14.670731707317072","19.73170731707317","0.7435105067985167","95.1829268292683","0"
"2012-13","1610612757","Portland Trail Blazers","82","33","49","0.4024390243902439","36.69512195121951","81.89024390243902","0.4481012658227848","15.902439024390244","20.48780487804878","0.7761904761904762","97.5","0"
"2012-13","1610612758","Sacramento Kings","82","28","54","0.34146341463414637","37.63414634146341","84.1951219512195","0.4469872537659328","17.524390243902438","22.79268292682927","0.7688603531300161","100.23170731707317","0"
"2012-13","1610612759","San Antonio Spurs","82","58","24","0.7073170731707317","39.146341463414636","81.40243902439025","0.48089887640449436","16.646341463414632","21.036585365853657","0.7913043478260869","103.02439024390245","0"
"2012-13","1610612760","Oklahoma City Thunder","82","60","22","0.7317073170731707","38.1219512195122","79.3170731707317","0.4806273062730627","22.182926829268293","26.78048780487805","0.8283242258652095","105.71951219512195","0"
"2012-13","1610612761","Toronto Raptors","82","34","48","0.4146341463414634","36.329268292682926","81.52439024390245","0.4456245325355273","17.585365853658537","22.329268292682926","0.7875477880939378","97.20731707317073","0"
"2012-13","1610612762","Utah Jazz","82","43","39","0.524390243902439","37.146341463414636","81.82926829268293","0.45394932935916543","17.548780487804876","22.963414634146343","0.7642060541688794","98.02439024390245","0"
"2012-13","1610612763","Memphis Grizzlies","82","56","26","0.6829268292682927","36.146341463414636","81.45121951219512","0.44377900883365773","16.451219512195124","21.29268292682927","0.7726231386025201","93.40243902439025","0"
"2012-13","1610612764","Washington Wizards","82","29","53","0.35365853658536583","35.48780487804878","81.6219512195122","0.43478260869565216","15.597560975609756","21.29268292682927","0.7325315005727376","93.21951219512195","0"
"2012-13","1610612765","Detroit Pistons","82","29","53","0.35365853658536583","36.329268292682926","80.95121951219512","0.44877975293763184","15.939024390243903","22.804878048780488","0.6989304812834225","94.85365853658537","0"
"2012-13","1610612766","Charlotte Bobcats","82","21","61","0.25609756097560976","34.426829268292686","81.08536585365853","0.4245751240788088","18.853658536585368","25.121951219512194","0.7504854368932039","93.42682926829268","0"
"2013-14","1610612737","Atlanta Hawks","82","38","44","0.4634146341463415","37.329268292682926","81.5609756097561","0.4576854066985646","16.975609756097562","21.73170731707317","0.7811447811447811","101.0","0"
"2013-14","1610612738","Boston Celtics","82","25","57","0.3048780487804878","36.53658536585366","83.9390243902439","0.435275315995932","16.158536585365855","20.804878048780488","0.7766705744431418","96.2439024390244","0"
"2013-14","1610612739","Cleveland Cavaliers","82","33","49","0.4024390243902439","37.02439024390244","84.8170731707317","0.43652048885693745","17.048780487804876","22.695121951219512","0.7512090274046211","98.21951219512195","0"
"2013-14","1610612740","New Orleans Pelicans","82","34","48","0.4146341463414634","37.81707317073171","82.45121951219512","0.4586599615441503","18.158536585365855","23.609756097560975","0.7691115702479339","99.71951219512195","0"
"2013-14","1610612741","Chicago Bulls","82","48","34","0.5853658536585366","34.670731707317074","80.20731707317073","0.43226395012923824","18.121951219512194","23.26829268292683","0.7788259958071279","93.65853658536585","0"
"2013-14","1610612742","Dallas Mavericks","82","49","33","0.5975609756097561","39.6219512195122","83.63414634146342","0.473753280839895","16.804878048780488","21.134146341463413","0.7951529140219273","104.84146341463415","0"
"2013-14","1610612743","Denver Nuggets","82","36","46","0.43902439024390244","38.3780487804878","85.8780487804878","0.44689008804316954","19.0609756097561","26.26829268292683","0.7256267409470752","104.3780487804878","0"
"2013-14","1610612744","Golden State Warriors","82","51","31","0.6219512195121951","39.46341463414634","85.42682926829268","0.46195574589578875","15.890243902439025","21.109756097560975","0.7527440785673022","104.2560975609756","0"
"2013-14","1610612745","Houston Rockets","82","54","28","0.6585365853658537","38.02439024390244","80.52439024390245","0.4722096016961987","22.121951219512194","31.085365853658537","0.7116516280894468","107.67073170731707","0"
"2013-14","1610612746","Los Angeles Clippers","82","57","25","0.6951219512195121","39.1219512195122","82.45121951219512","0.4744860227776956","21.23170731707317","29.073170731707318","0.7302852348993288","107.92682926829268","0"
"2013-14","1610612747","Los Angeles Lakers","82","27","55","0.32926829268292684","38.28048780487805","85.1219512195122","0.4497134670487106","16.951219512195124","22.378048780487806","0.7574931880108992","102.95121951219512","0"
"2013-14","1610612748","Miami Heat","82","54","28","0.6585365853658537","38.31707317073171","76.48780487804878","0.5009566326530612","17.451219512195124","22.975609756097562","0.7595541401273885","102.1951219512195","0"
"2013-14","1610612749","Milwaukee Bucks","82","15","67","0.18292682926829268","36.0","82.15853658536585","0.43817723022116667","16.79268292682927","22.475609756097562","0.7471513836136734","95.47560975609755","0"
"2013-14","1610612750","Minnesota Timberwolves","82","40","42","0.4878048780487805","38.890243902439025","87.5","0.4444599303135888","21.829268292682926","28.0609756097561","0.777922642329422","106.92682926829268","0"
"2013-14","1610612751","Brooklyn Nets","82","44","38","0.5365853658536586","35.74390243902439","77.9390243902439","0.45861367548114534","18.390243902439025","24.414634146341463","0.7532467532467533","98.52439024390245","0"
"2013-14","1610612752","New York Knicks","82","37","45","0.45121951219512196","36.91463414634146","82.1829268292683","0.4491764356729485","15.5","20.365853658536587","0.7610778443113773","98.58536585365853","0"
"2013-14","1610612753","Orlando Magic","82","23","59","0.2804878048780488","36.853658536585364","82.73170731707317","0.44545990566037735","15.939024390243903","20.902439024390244","0.7625437572928822","96.51219512195122","0"
"2013-14","1610612754","Indiana Pacers","82","56","26","0.6829268292682927","35.96341463414634","80.15853658536585","0.44865358283888634","18.109756097560975","23.25609756097561","0.7787100157315154","96.7439024390244","0"
"2013-14","1610612755","Philadelphia 76ers","82","19","63","0.23170731707317074","37.90243902439025","87.1951219512195","0.4346853146853147","16.609756097560975","23.390243902439025","0.7101147028154328","99.45121951219512","0"
"2013-14","1610612756","Phoenix Suns","82","48","34","0.5853658536585366","38.68292682926829","83.47560975609755","0.4634039444850256","18.536585365853657","24.4390243902439","0.7584830339321357","105.23170731707317","0"
"2013-14","1610612757","Portland Trail Blazers","82","54","28","0.6585365853658537","39.109756097560975","87.0","0.44953742640874683","19.134146341463413","23.48780487804878","0.8146417445482866","106.7439024390244","0"
"2013-14","1610612758","Sacramento Kings","82","28","54","0.34146341463414637","36.90243902439025","82.51219512195122","0.4472361809045226","20.70731707317073","27.28048780487805","0.7590523021904336","100.5","0"
"2013-14","1610612759","San Antonio Spurs","82","62","20","0.7560975609756098","40.5609756097561","83.46341463414635","0.4859731151373466","15.71951219512195","20.024390243902438","0.7850182704019488","105.35365853658537","1"
"2013-14","1610612760","Oklahoma City Thunder","82","59","23","0.7195121951219512","38.951219512195124","82.70731707317073","0.47095252138012383","20.158536585365855","25.024390243902438","0.8055555555555556","106.15853658536585","0"
"2013-14","1610612761","Toronto Raptors","82","48","34","0.5853658536585366","36.48780487804878","81.92682926829268","0.44537064602560283","19.609756097560975","25.0609756097561","0.7824817518248175","101.28048780487805","0"
"2013-14","1610612762","Utah Jazz","82","25","57","0.3048780487804878","35.98780487804878","81.1219512195122","0.4436259771497294","16.414634146341463","21.98780487804878","0.7465335551858014","95.01219512195122","0"
"2013-14","1610612763","Memphis Grizzlies","82","50","32","0.6097560975609756","38.073170731707314","81.98780487804878","0.46437602260895433","15.060975609756097","20.317073170731707","0.741296518607443","96.14634146341463","0"
"2013-14","1610612764","Washington Wizards","82","44","38","0.5365853658536586","38.74390243902439","84.39024390243902","0.45910404624277457","15.28048780487805","20.914634146341463","0.7306122448979592","100.65853658536585","0"
"2013-14","1610612765","Detroit Pistons","82","29","53","0.35365853658536583","38.80487804878049","86.8780487804878","0.4466591802358226","17.25609756097561","25.74390243902439","0.6702984367598295","101.04878048780488","0"
"2013-14","1610612766","Charlotte Bobcats","82","43","39","0.524390243902439","36.292682926829265","82.07317073170732","0.44219910846953936","17.975609756097562","24.390243902439025","0.737","96.85365853658537","0"
"2014-15","1610612737","Atlanta Hawks","82","60","22","0.7317073170731707","38.0609756097561","81.6951219512195","0.4658904314076728","16.451219512195124","21.158536585365855","0.777521613832853","102.54878048780488","0"
"2014-15","1610612738","Boston Celtics","82","40","42","0.4878048780487805","38.9390243902439","87.9390243902439","0.4427957287477465","15.439024390243903","20.463414634146343","0.7544696066746126","101.36585365853658","0"
"2014-15","1610612739","Cleveland Cavaliers","82","53","29","0.6463414634146342","37.670731707317074","82.1829268292683","0.4583766137409111","17.71951219512195","23.585365853658537","0.7512926577042399","103.13414634146342","0"
"2014-15","1610612740","New Orleans Pelicans","82","45","37","0.5487804878048781","37.90243902439025","82.86585365853658","0.4573951434878587","16.402439024390244","21.829268292682926","0.7513966480446927","99.35365853658537","0"
"2014-15","1610612741","Chicago Bulls","82","50","32","0.6097560975609756","36.59756097560975","82.89024390243902","0.4415183169045167","19.73170731707317","25.20731707317073","0.7827769714562167","100.79268292682927","0"
"2014-15","1610612742","Dallas Mavericks","82","50","32","0.6097560975609756","39.69512195121951","85.8048780487805","0.46262080727686183","16.902439024390244","22.475609756097562","0.7520347259902334","105.21951219512195","0"
"2014-15","1610612743","Denver Nuggets","82","30","52","0.36585365853658536","37.792682926829265","87.29268292682927","0.43294216261525564","17.829268292682926","24.28048780487805","0.7343043696634857","101.46341463414635","0"
"2014-15","1610612744","Golden State Warriors","82","67","15","0.8170731707317073","41.58536585365854","87.03658536585365","0.4777917892671991","16.01219512195122","20.841463414634145","0.7682855471035693","109.95121951219512","1"
"2014-15","1610612745","Houston Rockets","82","56","26","0.6829268292682927","36.97560975609756","83.3170731707317","0.44379391100702575","18.597560975609756","26.01219512195122","0.7149554617909049","103.92682926829268","0"
"2014-15","1610612746","Los Angeles Clippers","82","56","26","0.6829268292682927","39.36585365853659","83.29268292682927","0.4726207906295754","17.902439024390244","25.20731707317073","0.710208030962748","106.71951219512195","0"
"2014-15","1610612747","Los Angeles Lakers","82","21","61","0.25609756097560976","37.24390243902439","85.60975609756098","0.43504273504273505","17.475609756097562","23.597560975609756","0.7405684754521964","98.45121951219512","0"
"2014-15","1610612748","Miami Heat","82","37","45","0.45121951219512196","35.18292682926829","77.1951219512195","0.4557661927330174","17.536585365853657","23.658536585365855","0.7412371134020619","94.6829268292683","0"
"2014-15","1610612749","Milwaukee Bucks","82","41","41","0.5","37.59756097560975","81.97560975609755","0.45864326093424573","16.0","21.146341463414632","0.7566320645905421","97.84146341463415","0"
"2014-15","1610612750","Minnesota Timberwolves","82","16","66","0.1951219512195122","36.41463414634146","83.17073170731707","0.4378299120234604","19.975609756097562","25.73170731707317","0.776303317535545","97.7560975609756","0"
"2014-15","1610612751","Brooklyn Nets","82","38","44","0.4634146341463415","37.426829268292686","82.97560975609755","0.45105820105820105","16.573170731707318","22.158536585365855","0.747936158503027","98.02439024390245","0"
"2014-15","1610612752","New York Knicks","82","17","65","0.2073170731707317","35.146341463414636","82.02439024390245","0.42848647041332144","14.768292682926829","19.20731707317073","0.7688888888888888","91.89024390243902","0"
"2014-15","1610612753","Orlando Magic","82","25","57","0.3048780487804878","37.51219512195122","82.82926829268293","0.45288574793875147","13.914634146341463","19.085365853658537","0.729073482428115","95.6951219512195","0"
"2014-15","1610612754","Indiana Pacers","82","38","44","0.4634146341463415","36.5609756097561","83.21951219512195","0.4393317702227433","16.74390243902439","22.158536585365855","0.755641166758393","97.32926829268293","0"
"2014-15","1610612755","Philadelphia 76ers","82","18","64","0.21951219512195122","33.71951219512195","82.64634146341463","0.4079976390733363","16.097560975609756","23.817073170731707","0.6758832565284179","91.97560975609755","0"
"2014-15","1610612756","Phoenix Suns","82","39","43","0.47560975609756095","38.75609756097561","85.82926829268293","0.45154873543620344","16.378048780487806","21.548780487804876","0.7600452744765138","102.40243902439025","0"
"2014-15","1610612757","Portland Trail Blazers","82","51","31","0.6219512195121951","38.71951219512195","85.96341463414635","0.4504184990778834","15.512195121951219","19.378048780487806","0.8005034612964128","102.79268292682927","0"
"2014-15","1610612758","Sacramento Kings","82","29","53","0.35365853658536583","36.707317073170735","80.6951219512195","0.4548889224724195","22.304878048780488","29.26829268292683","0.7620833333333333","101.34146341463415","0"
"2014-15","1610612759","San Antonio Spurs","82","55","27","0.6707317073170732","39.1219512195122","83.58536585365853","0.4680478552669974","16.682926829268293","21.390243902439025","0.7799315849486887","103.1829268292683","0"
"2014-15","1610612760","Oklahoma City Thunder","82","45","37","0.5487804878048781","38.829268292682926","86.8170731707317","0.4472538277848012","18.585365853658537","24.634146341463413","0.7544554455445545","103.95121951219512","0"
"2014-15","1610612761","Toronto Raptors","82","49","33","0.5975609756097561","37.90243902439025","83.28048780487805","0.4551178796309855","19.329268292682926","24.5609756097561","0.7869910625620655","103.98780487804878","0"
"2014-15","1610612762","Utah Jazz","82","38","44","0.4634146341463415","35.36585365853659","79.17073170731707","0.4467036352433765","16.963414634146343","23.524390243902438","0.7210990150336962","95.13414634146342","0"
"2014-15","1610612763","Memphis Grizzlies","82","55","27","0.6707317073170732","37.76829268292683","82.47560975609755","0.457932870028094","17.621951219512194","22.79268292682927","0.7731407169609417","98.3170731707317","0"
"2014-15","1610612764","Washington Wizards","82","46","36","0.5609756097560976","38.28048780487805","82.8048780487805","0.4622974963181149","15.914634146341463","21.4390243902439","0.742320819112628","98.53658536585365","0"
"2014-15","1610612765","Detroit Pistons","82","32","50","0.3902439024390244","37.08536585365854","85.82926829268293","0.43208297811878377","15.75609756097561","22.414634146341463","0.7029379760609358","98.5","0"
"2014-15","1610612766","Charlotte Hornets","82","33","49","0.4024390243902439","35.52439024390244","84.53658536585365","0.4202250432775534","17.036585365853657","22.76829268292683","0.7482592394215318","94.15853658536585","0"
"2015-16","1610612737","Atlanta Hawks","82","48","34","0.5853658536585366","38.63414634146341","84.42682926829268","0.4576050845009389","15.634146341463415","19.975609756097562","0.7826617826617827","102.84146341463415","0"
"2015-16","1610612738","Boston Celtics","82","48","34","0.5853658536585366","39.21951219512195","89.2439024390244","0.4394643345176278","18.536585365853657","23.524390243902438","0.7879730430274754","105.71951219512195","0"
"2015-16","1610612739","Cleveland Cavaliers","82","57","25","0.6951219512195121","38.670731707317074","84.0","0.4603658536585366","16.25609756097561","21.74390243902439","0.7476163768928772","104.32926829268293","1"
"2015-16","1610612740","New Orleans Pelicans","82","30","52","0.36585365853658536","38.451219512195124","85.85365853658537","0.4478693181818182","17.25609756097561","22.23170731707317","0.7761930883159627","102.71951219512195","0"
"2015-16","1610612741","Chicago Bulls","82","42","40","0.5121951219512195","38.59756097560975","87.4390243902439","0.44142259414225943","16.51219512195122","20.975609756097562","0.7872093023255814","101.64634146341463","0"
"2015-16","1610612742","Dallas Mavericks","82","42","40","0.5121951219512195","37.36585365853659","84.14634146341463","0.44405797101449274","17.73170731707317","22.329268292682926","0.7941015838339706","102.29268292682927","0"
"2015-16","1610612743","Denver Nuggets","82","33","49","0.4024390243902439","37.71951219512195","85.40243902439025","0.4416678566328716","18.451219512195124","24.073170731707318","0.7664640324214792","101.89024390243902","0"
"2015-16","1610612744","Golden State Warriors","82","73","9","0.8902439024390244","42.548780487804876","87.3048780487805","0.48735856963263025","16.658536585365855","21.829268292682926","0.7631284916201118","114.89024390243902","0"
"2015-16","1610612745","Houston Rockets","82","41","41","0.5","37.73170731707317","83.5","0.4518767343362056","20.378048780487806","29.353658536585368","0.6942251765683424","106.54878048780488","0"
"2015-16","1610612746","LA Clippers","82","53","29","0.6463414634146342","38.30487804878049","82.42682926829268","0.4647137150466045","18.170731707317074","26.24390243902439","0.6923791821561338","104.5","0"
"2015-16","1610612747","Los Angeles Lakers","82","17","65","0.2073170731707317","35.1219512195122","84.82926829268293","0.4140310523289247","19.304878048780488","24.73170731707317","0.7805719921104537","97.34146341463415","0"
"2015-16","1610612748","Miami Heat","82","48","34","0.5853658536585366","38.41463414634146","81.67073170731707","0.47035986262505597","17.146341463414632","23.036585365853657","0.7443091582848068","100.04878048780488","0"
"2015-16","1610612749","Milwaukee Bucks","82","33","49","0.4024390243902439","38.353658536585364","82.1951219512195","0.46661721068249257","16.975609756097562","22.71951219512195","0.7471819645732689","99.04878048780488","0"
"2015-16","1610612750","Minnesota Timberwolves","82","29","53","0.35365853658536583","37.74390243902439","81.3170731707317","0.46415716856628675","21.378048780487806","26.98780487804878","0.7921373700858563","102.41463414634147","0"
"2015-16","1610612751","Brooklyn Nets","82","21","61","0.25609756097560976","38.24390243902439","84.39024390243902","0.4531791907514451","15.682926829268293","20.71951219512195","0.7569158328428487","98.64634146341463","0"
"2015-16","1610612752","New York Knicks","82","32","50","0.3902439024390244","36.853658536585364","83.97560975609755","0.4388614580307871","17.20731707317073","21.378048780487806","0.804905875641757","98.35365853658537","0"
"2015-16","1610612753","Orlando Magic","82","35","47","0.4268292682926829","39.53658536585366","86.82926829268293","0.4553370786516854","15.231707317073171","20.109756097560975","0.7574287446937538","102.0609756097561","0"
"2015-16","1610612754","Indiana Pacers","82","45","37","0.5487804878048781","38.31707317073171","85.1829268292683","0.4498210450966357","17.4390243902439","22.829268292682926","0.7638888888888888","102.15853658536585","0"
"2015-16","1610612755","Philadelphia 76ers","82","10","72","0.12195121951219512","36.21951219512195","83.98780487804878","0.43124727747930885","15.658536585365853","22.5609756097561","0.6940540540540541","97.41463414634147","0"
"2015-16","1610612756","Phoenix Suns","82","23","59","0.2804878048780488","37.207317073170735","85.58536585365853","0.43473924194927327","17.451219512195124","23.23170731707317","0.7511811023622047","100.86585365853658","0"
"2015-16","1610612757","Portland Trail Blazers","82","44","38","0.5365853658536586","38.6219512195122","85.85365853658537","0.4498579545454545","17.365853658536587","23.036585365853657","0.7538380095288513","105.14634146341463","0"
"2015-16","1610612758","Sacramento Kings","82","33","49","0.4024390243902439","40.03658536585366","86.3780487804878","0.46350416490187774","18.463414634146343","25.475609756097562","0.7247486835806606","106.58536585365853","0"
"2015-16","1610612759","San Antonio Spurs","82","67","15","0.8170731707317073","40.109756097560975","82.89024390243902","0.48388995144916874","16.365853658536587","20.390243902439025","0.8026315789473685","103.53658536585365","0"
"2015-16","1610612760","Oklahoma City Thunder","82","55","27","0.6707317073170732","41.1219512195122","86.36585365853658","0.47613668455238634","19.70731707317073","25.20731707317073","0.7818093855829705","110.21951219512195","0"
"2015-16","1610612761","Toronto Raptors","82","56","26","0.6829268292682927","36.65853658536585","81.32926829268293","0.4507422402159244","20.75609756097561","26.70731707317073","0.7771689497716895","102.70731707317073","0"
"2015-16","1610612762","Utah Jazz","82","40","42","0.4878048780487805","36.0609756097561","80.40243902439025","0.44850599120279083","17.097560975609756","22.98780487804878","0.7437665782493369","97.6829268292683","0"
"2015-16","1610612763","Memphis Grizzlies","82","42","40","0.5121951219512195","36.81707317073171","83.64634146341463","0.44015162560139964","19.317073170731707","24.682926829268293","0.782608695652174","99.09756097560975","0"
"2015-16","1610612764","Washington Wizards","82","41","41","0.5","39.48780487804878","85.76829268292683","0.4604009668704678","16.451219512195124","22.548780487804876","0.7295835586803677","104.07317073170732","0"
"2015-16","1610612765","Detroit Pistons","82","44","38","0.5365853658536586","37.9390243902439","86.42682926829268","0.438972767038239","17.0609756097561","25.548780487804876","0.6677804295942721","101.96341463414635","0"
"2015-16","1610612766","Charlotte Hornets","82","48","34","0.5853658536585366","37.02439024390244","84.41463414634147","0.4386015602427044","18.70731707317073","23.670731707317074","0.7903142709943328","103.40243902439025","0"
"2016-17","1610612737","Atlanta Hawks","82","43","39","0.524390243902439","38.08536585365854","84.36585365853658","0.45143104943625323","18.097560975609756","24.865853658536587","0.7278077488965179","103.15853658536585","0"
"2016-17","1610612738","Boston Celtics","82","53","29","0.6463414634146342","38.63414634146341","85.08536585365853","0.45406335101046297","18.73170731707317","23.20731707317073","0.8071466106148187","108.01219512195122","0"
"2016-17","1610612739","Cleveland Cavaliers","82","51","31","0.6219512195121951","39.9390243902439","84.91463414634147","0.4703432428550912","17.451219512195124","23.329268292682926","0.7480397281756404","110.34146341463415","0"
"2016-17","1610612740","New Orleans Pelicans","82","34","48","0.4146341463414634","39.146341463414636","86.95121951219512","0.45021037868162694","16.682926829268293","22.25609756097561","0.7495890410958904","104.34146341463415","0"
"2016-17","1610612741","Chicago Bulls","82","41","41","0.5","38.646341463414636","87.08536585365853","0.4437753815992158","17.975609756097562","22.536585365853657","0.7976190476190477","102.86585365853658","0"
"2016-17","1610612742","Dallas Mavericks","82","33","49","0.4024390243902439","36.19512195121951","82.3170731707317","0.4397037037037037","14.817073170731707","18.48780487804878","0.8014511873350924","97.91463414634147","0"
"2016-17","1610612743","Denver Nuggets","82","40","42","0.4878048780487805","41.18292682926829","87.73170731707317","0.4694189602446483","18.74390243902439","24.21951219512195","0.7739174219536757","111.71951219512195","0"
"2016-17","1610612744","Golden State Warriors","82","67","15","0.8170731707317073","43.073170731707314","87.07317073170732","0.4946778711484594","17.76829268292683","22.5609756097561","0.7875675675675675","115.89024390243902","1"
"2016-17","1610612745","Houston Rockets","82","55","27","0.6707317073170732","40.30487804878049","87.21951219512195","0.4621085011185682","20.329268292682926","26.548780487804876","0.7657326596233348","115.34146341463415","0"
"2016-17","1610612746","LA Clippers","82","51","31","0.6219512195121951","39.53658536585366","83.17073170731707","0.475366568914956","19.341463414634145","25.951219512195124","0.7453007518796992","108.67073170731707","0"
"2016-17","1610612747","Los Angeles Lakers","82","26","56","0.3170731707317073","39.31707317073171","87.36585365853658","0.4500279173646008","17.036585365853657","22.597560975609756","0.7539125742039935","104.57317073170732","0"
"2016-17","1610612748","Miami Heat","82","41","41","0.5","39.048780487804876","85.8170731707317","0.4550234474918289","15.21951219512195","21.5609756097561","0.7058823529411765","103.17073170731707","0"
"2016-17","1610612749","Milwaukee Bucks","82","42","40","0.5121951219512195","38.80487804878049","81.89024390243902","0.47386448250186153","17.23170731707317","22.426829268292682","0.768352365415987","103.6219512195122","0"
"2016-17","1610612750","Minnesota Timberwolves","82","31","51","0.3780487804878049","39.451219512195124","84.41463414634147","0.46735047674082636","19.341463414634145","24.21951219512195","0.798590130916415","105.57317073170732","0"
"2016-17","1610612751","Brooklyn Nets","82","20","62","0.24390243902439024","37.829268292682926","85.20731707317073","0.4439673679690854","19.414634146341463","24.634146341463413","0.7881188118811882","105.76829268292683","0"
"2016-17","1610612752","New York Knicks","82","31","51","0.3780487804878049","39.5609756097561","88.48780487804878","0.44707828004410144","16.634146341463413","21.109756097560975","0.7879838243789717","104.34146341463415","0"
"2016-17","1610612753","Orlando Magic","82","29","53","0.35365853658536583","38.28048780487805","86.98780487804878","0.4400672928641525","15.963414634146341","21.378048780487806","0.7467199087278951","101.07317073170732","0"
"2016-17","1610612754","Indiana Pacers","82","42","40","0.5121951219512195","39.28048780487805","84.52439024390245","0.46472370509306016","17.890243902439025","22.085365853658537","0.8100496963003865","105.09756097560975","0"
"2016-17","1610612755","Philadelphia 76ers","82","28","54","0.34146341463414637","37.65853658536585","85.26829268292683","0.4416475972540046","16.98780487804878","22.024390243902438","0.7713178294573644","102.4390243902439","0"
"2016-17","1610612756","Phoenix Suns","82","24","58","0.2926829268292683","39.8780487804878","88.53658536585365","0.45041322314049587","20.4390243902439","26.329268292682926","0.776285317276517","107.6951219512195","0"
"2016-17","1610612757","Portland Trail Blazers","82","41","41","0.5","39.548780487804876","86.08536585365853","0.4594135146621334","18.451219512195124","23.658536585365855","0.7798969072164949","107.9390243902439","0"
"2016-17","1610612758","Sacramento Kings","82","32","50","0.3902439024390244","37.86585365853659","82.1219512195122","0.4610929610929611","18.085365853658537","23.329268292682926","0.775222164140094","102.8048780487805","0"
"2016-17","1610612759","San Antonio Spurs","82","61","21","0.7439024390243902","39.292682926829265","83.70731707317073","0.46940559440559443","17.5609756097561","22.024390243902438","0.7973421926910299","105.32926829268293","0"
"2016-17","1610612760","Oklahoma City Thunder","82","47","35","0.573170731707317","39.47560975609756","87.42682926829268","0.4515274096805691","19.20731707317073","25.76829268292683","0.7453857075248462","106.59756097560975","0"
"2016-17","1610612761","Toronto Raptors","82","51","31","0.6219512195121951","39.15853658536585","84.36585365853658","0.4641514888696155","19.695121951219512","24.73170731707317","0.7963510848126233","106.85365853658537","0"
"2016-17","1610612762","Utah Jazz","82","51","31","0.6219512195121951","36.98780487804878","79.45121951219512","0.4655410590943975","17.085365853658537","22.865853658536587","0.7472","100.70731707317073","0"
"2016-17","1610612763","Memphis Grizzlies","82","43","39","0.524390243902439","36.390243902439025","83.58536585365853","0.43536620951269334","18.341463414634145","23.390243902439025","0.7841501564129302","100.47560975609755","0"
"2016-17","1610612764","Washington Wizards","82","49","33","0.5975609756097561","41.31707317073171","87.03658536585365","0.4747092615945075","17.329268292682926","22.097560975609756","0.7842163355408388","109.1829268292683","0"
"2016-17","1610612765","Detroit Pistons","82","37","45","0.45121951219512196","39.86585365853659","88.8048780487805","0.4489151332051634","13.902439024390244","19.341463414634145","0.7187894073139974","101.32926829268293","0"
"2016-17","1610612766","Charlotte Hornets","82","36","46","0.43902439024390244","37.71951219512195","85.36585365853658","0.44185714285714284","19.402439024390244","23.817073170731707","0.8146441372247823","104.89024390243902","0"
"2017-18","1610612737","Atlanta Hawks","82","24","58","0.2926829268292683","38.170731707317074","85.54878048780488","0.44618674269422665","15.829268292682928","20.170731707317074","0.7847642079806529","103.35365853658537","0"
"2017-18","1610612738","Boston Celtics","82","55","27","0.6707317073170732","38.30487804878049","85.0609756097561","0.4503225806451613","15.951219512195122","20.695121951219512","0.7707719505008839","104.01219512195122","0"
"2017-18","1610612739","Cleveland Cavaliers","82","50","32","0.6097560975609756","40.3780487804878","84.7560975609756","0.47640287769784173","18.146341463414632","23.28048780487805","0.7794656888423258","110.86585365853658","0"
"2017-18","1610612740","New Orleans Pelicans","82","48","34","0.5853658536585366","42.68292682926829","88.3048780487805","0.48335865211987294","16.146341463414632","20.926829268292682","0.7715617715617715","111.71951219512195","0"
"2017-18","1610612741","Chicago Bulls","82","27","55","0.32926829268292684","38.65853658536585","88.84146341463415","0.4351407000686342","14.560975609756097","19.195121951219512","0.758576874205845","102.92682926829268","0"
"2017-18","1610612742","Dallas Mavericks","82","24","58","0.2926829268292683","38.146341463414636","85.8780487804878","0.44419199091167283","14.231707317073171","18.658536585365855","0.7627450980392156","102.3170731707317","0"
"2017-18","1610612743","Denver Nuggets","82","46","36","0.5609756097560976","40.707317073170735","86.60975609756098","0.4700084483244157","17.121951219512194","22.317073170731707","0.7672131147540984","110.0","0"
"2017-18","1610612744","Golden State Warriors","82","58","24","0.7073170731707317","42.792682926829265","85.10975609756098","0.5027940965754406","16.585365853658537","20.341463414634145","0.815347721822542","113.46341463414635","1"
"2017-18","1610612745","Houston Rockets","82","65","17","0.7926829268292683","38.707317073170735","84.21951219512195","0.4596003475238923","19.621951219512194","25.134146341463413","0.7806889859291606","112.35365853658537","0"
"2017-18","1610612746","LA Clippers","82","42","40","0.5121951219512195","40.26829268292683","85.41463414634147","0.4714448886350657","18.975609756097562","25.548780487804876","0.7427207637231503","108.98780487804878","0"
"2017-18","1610612747","Los Angeles Lakers","82","35","47","0.4268292682926829","40.707317073170735","88.39024390243902","0.4605408388520971","16.634146341463413","23.29268292682927","0.7141361256544503","108.07317073170732","0"
"2017-18","1610612748","Miami Heat","82","44","38","0.5365853658536586","38.829268292682926","85.32926829268293","0.455052165213663","14.74390243902439","19.524390243902438","0.7551530293566521","103.41463414634147","0"
"2017-18","1610612749","Milwaukee Bucks","82","44","38","0.5365853658536586","39.71951219512195","83.01219512195122","0.47847803731452915","18.28048780487805","23.353658536585368","0.7827676240208877","106.47560975609755","0"
"2017-18","1610612750","Minnesota Timberwolves","82","47","35","0.573170731707317","41.03658536585366","86.13414634146342","0.47642644768511966","19.414634146341463","24.146341463414632","0.804040404040404","109.51219512195122","0"
"2017-18","1610612751","Brooklyn Nets","82","28","54","0.34146341463414637","38.24390243902439","86.7560975609756","0.4408209165026708","17.414634146341463","22.5609756097561","0.7718918918918919","106.59756097560975","0"
"2017-18","1610612752","New York Knicks","82","29","53","0.35365853658536583","40.65853658536585","87.71951219512195","0.46350618657027665","14.939024390243903","18.98780487804878","0.7867694283879255","104.46341463414635","0"
"2017-18","1610612753","Orlando Magic","82","25","57","0.3048780487804878","38.80487804878049","85.8780487804878","0.4518602669696109","15.5","20.463414634146343","0.7574493444576877","103.40243902439025","0"
"2017-18","1610612754","Indiana Pacers","82","48","34","0.5853658536585366","40.792682926829265","86.3780487804878","0.4722575180008471","14.939024390243903","19.182926829268293","0.778766687857597","105.5609756097561","0"
"2017-18","1610612755","Philadelphia 76ers","82","52","30","0.6341463414634146","40.84146341463415","86.5609756097561","0.4718230487461257","17.134146341463413","22.78048780487805","0.7521413276231264","109.8048780487805","0"
"2017-18","1610612756","Phoenix Suns","82","21","61","0.25609756097560976","38.451219512195124","87.08536585365853","0.4415347990477524","17.71951219512195","23.926829268292682","0.7405708460754332","103.92682926829268","0"
"2017-18","1610612757","Portland Trail Blazers","82","49","33","0.5975609756097561","39.292682926829265","86.97560975609755","0.45176668536174985","16.73170731707317","20.914634146341463","0.8","105.6219512195122","0"
"2017-18","1610612758","Sacramento Kings","82","27","55","0.32926829268292684","38.76829268292683","86.13414634146342","0.45009202888291094","12.292682926829269","16.71951219512195","0.7352297592997812","98.82926829268293","0"
"2017-18","1610612759","San Antonio Spurs","82","47","35","0.573170731707317","39.048780487804876","85.35365853658537","0.4574939277039577","16.146341463414632","20.914634146341463","0.7720116618075802","102.73170731707317","0"
"2017-18","1610612760","Oklahoma City Thunder","82","48","34","0.5853658536585366","39.890243902439025","88.0609756097561","0.45298435119789504","17.329268292682926","24.20731707317073","0.7158690176322419","107.85365853658537","0"
"2017-18","1610612761","Toronto Raptors","82","59","23","0.7195121951219512","41.25609756097561","87.42682926829268","0.47189287208815733","17.341463414634145","21.829268292682926","0.794413407821229","111.65853658536585","0"
"2017-18","1610612762","Utah Jazz","82","48","34","0.5853658536585366","38.28048780487805","82.89024390243902","0.4618213917904958","16.76829268292683","21.536585365853657","0.7785956964892412","104.14634146341463","0"
"2017-18","1610612763","Memphis Grizzlies","82","22","60","0.2682926829268293","36.74390243902439","82.78048780487805","0.44387153800824986","16.597560975609756","21.121951219512194","0.785796766743649","99.32926829268293","0"
"2017-18","1610612764","Washington Wizards","82","43","39","0.524390243902439","39.9390243902439","85.58536585365853","0.46665716728412654","16.804878048780488","21.78048780487805","0.7715565509518477","106.60975609756098","0"
"2017-18","1610612765","Detroit Pistons","82","39","43","0.47560975609756095","39.1219512195122","86.9390243902439","0.4499929863936036","14.71951219512195","19.76829268292683","0.744602097470697","103.76829268292683","0"
"2017-18","1610612766","Charlotte Hornets","82","36","46","0.43902439024390244","38.98780487804878","86.65853658536585","0.4499014916971573","20.195121951219512","27.024390243902438","0.7472924187725631","108.21951219512195","0"
"2018-19","1610612737","Atlanta Hawks","82","29","53","0.35365853658536583","41.36585365853659","91.7560975609756","0.4508240297713982","17.597560975609756","23.390243902439025","0.7523461939520334","113.34146341463415","0"
"2018-19","1610612738","Boston Celtics","82","49","33","0.5975609756097561","42.08536585365854","90.52439024390245","0.4649063720867574","15.634146341463415","19.48780487804878","0.8022528160200251","112.39024390243902","0"
"2018-19","1610612739","Cleveland Cavaliers","82","19","63","0.23170731707317074","38.890243902439025","87.60975609756098","0.4439031180400891","16.365853658536587","20.658536585365855","0.7922077922077922","104.47560975609755","0"
"2018-19","1610612740","New Orleans Pelicans","82","33","49","0.4024390243902439","43.670731707317074","92.23170731707317","0.47348935607563136","17.829268292682926","23.426829268292682","0.7610619469026548","115.4390243902439","0"
"2018-19","1610612741","Chicago Bulls","82","22","60","0.2682926829268293","39.829268292682926","87.86585365853658","0.4532963219986121","16.195121951219512","20.670731707317074","0.783480825958702","104.9390243902439","0"
"2018-19","1610612742","Dallas Mavericks","82","33","49","0.4024390243902439","38.80487804878049","86.85365853658537","0.4467846110643078","18.79268292682927","25.317073170731707","0.7422928709055877","108.86585365853658","0"
"2018-19","1610612743","Denver Nuggets","82","54","28","0.6585365853658537","41.9390243902439","90.04878048780488","0.46573672806067173","15.78048780487805","20.902439024390244","0.7549591598599766","110.67073170731707","0"
"2018-19","1610612744","Golden State Warriors","82","57","25","0.6951219512195121","44.048780487804876","89.76829268292683","0.4906941991577231","16.329268292682926","20.390243902439025","0.8008373205741627","117.6829268292683","0"
"2018-19","1610612745","Houston Rockets","82","53","29","0.6463414634146342","39.24390243902439","87.35365853658537","0.44925310624040204","19.29268292682927","24.402439024390244","0.7906046976511744","113.91463414634147","0"
"2018-19","1610612746","LA Clippers","82","48","34","0.5853658536585366","41.26829268292683","87.53658536585365","0.4714405126776261","22.597560975609756","28.536585365853657","0.7918803418803418","115.14634146341463","0"
"2018-19","1610612747","Los Angeles Lakers","82","37","45","0.45121951219512196","42.573170731707314","90.54878048780488","0.4701683501683502","16.29268292682927","23.29268292682927","0.6994764397905759","111.76829268292683","0"
"2018-19","1610612748","Miami Heat","82","39","43","0.47560975609756095","39.646341463414636","88.02439024390245","0.4504017733444167","15.097560975609756","21.73170731707317","0.6947250280583613","105.70731707317073","0"
"2018-19","1610612749","Milwaukee Bucks","82","60","22","0.7317073170731707","43.353658536585364","91.10975609756098","0.4758399143354303","17.9390243902439","23.21951219512195","0.7725840336134454","118.1219512195122","0"
"2018-19","1610612750","Minnesota Timberwolves","82","36","46","0.43902439024390244","41.6219512195122","91.2560975609756","0.45610049445409595","19.146341463414632","24.329268292682926","0.7869674185463659","112.47560975609755","0"
"2018-19","1610612751","Brooklyn Nets","82","42","40","0.5121951219512195","40.25609756097561","89.73170731707317","0.4486273443870617","18.963414634146343","25.463414634146343","0.7447318007662835","112.2439024390244","0"
"2018-19","1610612752","New York Knicks","82","17","65","0.2073170731707317","38.21951219512195","88.3048780487805","0.43281314735533766","18.097560975609756","23.853658536585368","0.7586912065439673","104.57317073170732","0"
"2018-19","1610612753","Orlando Magic","82","42","40","0.5121951219512195","40.4390243902439","89.10975609756098","0.4538114137128781","15.012195121951219","19.20731707317073","0.7815873015873016","107.3170731707317","0"
"2018-19","1610612754","Indiana Pacers","82","48","34","0.5853658536585366","41.34146341463415","87.01219512195122","0.47512263489838824","15.829268292682928","21.0609756097561","0.7515923566878981","108.01219512195122","0"
"2018-19","1610612755","Philadelphia 76ers","82","51","31","0.6219512195121951","41.548780487804876","88.20731707317073","0.47103553159131756","21.24390243902439","27.536585365853657","0.7714791851195748","115.1829268292683","0"
"2018-19","1610612756","Phoenix Suns","82","19","63","0.23170731707317074","40.109756097560975","87.36585365853658","0.4591010608598548","17.646341463414632","22.658536585365855","0.778794402583423","107.5","0"
"2018-19","1610612757","Portland Trail Blazers","82","53","29","0.6463414634146342","42.31707317073171","90.57317073170732","0.4672142183923522","19.0","23.341463414634145","0.8140020898641588","114.65853658536585","0"
"2018-19","1610612758","Sacramento Kings","82","39","43","0.47560975609756095","43.18292682926829","93.13414634146342","0.4636637423071887","16.51219512195122","22.74390243902439","0.7260053619302949","114.1829268292683","0"
"2018-19","1610612759","San Antonio Spurs","82","48","34","0.5853658536585366","42.292682926829265","88.39024390243902","0.478476821192053","17.170731707317074","20.975609756097562","0.8186046511627907","111.65853658536585","0"
"2018-19","1610612760","Oklahoma City Thunder","82","49","33","0.5975609756097561","42.646341463414636","93.97560975609755","0.45380223202699194","17.817073170731707","24.98780487804878","0.7130307467057101","114.47560975609755","0"
"2018-19","1610612761","Toronto Raptors","82","58","24","0.7073170731707317","42.19512195121951","89.08536585365853","0.4736481861738535","17.670731707317074","21.98780487804878","0.8036605657237936","114.4390243902439","1"
"2018-19","1610612762","Utah Jazz","82","50","32","0.6097560975609756","40.41463414634146","86.36585365853658","0.4679469076532053","18.78048780487805","25.51219512195122","0.7361376673040153","111.71951219512195","0"
"2018-19","1610612763","Memphis Grizzlies","82","33","49","0.4024390243902439","37.96341463414634","84.4390243902439","0.44959560947429233","17.71951219512195","22.951219512195124","0.7720510095642933","103.53658536585365","0"
"2018-19","1610612764","Washington Wizards","82","32","50","0.3902439024390244","42.146341463414636","90.08536585365853","0.46784892378502774","18.390243902439025","23.9390243902439","0.7682119205298014","114.02439024390245","0"
"2018-19","1610612765","Detroit Pistons","82","41","41","0.5","38.84146341463415","88.26829268292683","0.4400386847195358","17.25609756097561","23.085365853658537","0.7474907554146857","107.04878048780488","0"
"2018-19","1610612766","Charlotte Hornets","82","39","43","0.47560975609756095","40.207317073170735","89.78048780487805","0.447840260798696","18.414634146341463","23.109756097560975","0.7968337730870713","110.7439024390244","0"
"2019-20","1610612737","Atlanta Hawks","67","20","47","0.29850746268656714","40.64179104477612","90.55223880597015","0.44882149332454263","18.46268656716418","23.37313432835821","0.7899106002554278","111.76119402985074","0"
"2019-20","1610612738","Boston Celtics","72","48","24","0.6666666666666666","41.263888888888886","89.55555555555556","0.46076302729528534","18.555555555555557","23.166666666666668","0.8009592326139089","113.65277777777777","0"
"2019-20","1610612739","Cleveland Cavaliers","65","19","46","0.2923076923076923","40.292307692307695","87.92307692307692","0.4582677165354331","15.123076923076923","19.93846153846154","0.7584876543209876","106.8923076923077","0"
"2019-20","1610612740","New Orleans Pelicans","72","30","42","0.4166666666666667","42.56944444444444","91.63888888888889","0.4645347074871173","17.069444444444443","23.430555555555557","0.7285121517486662","115.84722222222223","0"
"2019-20","1610612741","Chicago Bulls","65","22","43","0.3384615384615385","39.58461538461538","88.64615384615385","0.44654633807705657","15.476923076923077","20.49230769230769","0.7552552552552553","106.84615384615384","0"
"2019-20","1610612742","Dallas Mavericks","75","43","32","0.5733333333333334","41.653333333333336","90.29333333333334","0.46131128174837566","18.56","23.826666666666668","0.7789591494124231","117.01333333333334","0"
"2019-20","1610612743","Denver Nuggets","73","46","27","0.6301369863013698","42.04109589041096","88.87671232876713","0.47302712700369914","16.232876712328768","20.904109589041095","0.7765399737876802","111.28767123287672","0"
"2019-20","1610612744","Golden State Warriors","65","15","50","0.23076923076923078","38.61538461538461","88.15384615384616","0.43804537521815007","18.676923076923078","23.246153846153845","0.8034414295168762","106.33846153846154","0"
"2019-20","1610612745","Houston Rockets","72","44","28","0.6111111111111112","40.77777777777778","90.44444444444444","0.45085995085995084","20.61111111111111","26.055555555555557","0.7910447761194029","117.80555555555556","0"
"2019-20","1610612746","LA Clippers","72","49","23","0.6805555555555556","41.55555555555556","89.23611111111111","0.4656809338521401","20.805555555555557","26.305555555555557","0.7909186906019008","116.34722222222223","0"
"2019-20","1610612747","Los Angeles Lakers","71","52","19","0.7323943661971831","42.33802816901409","88.29577464788733","0.47950231296857554","17.746478873239436","24.338028169014084","0.7291666666666666","113.43661971830986","1"
"2019-20","1610612748","Miami Heat","73","44","29","0.6027397260273972","39.45205479452055","84.38356164383562","0.4675324675324675","19.726027397260275","25.205479452054796","0.782608695652174","112.04109589041096","0"
"2019-20","1610612749","Milwaukee Bucks","73","56","17","0.7671232876712328","43.28767123287671","90.93150684931507","0.476047002109069","18.301369863013697","24.65753424657534","0.7422222222222222","118.67123287671232","0"
"2019-20","1610612750","Minnesota Timberwolves","64","19","45","0.296875","40.40625","91.640625","0.440920716112532","19.109375","25.375","0.7530788177339901","113.25","0"
"2019-20","1610612751","Brooklyn Nets","72","35","37","0.4861111111111111","40.388888888888886","90.25","0.44752231455832564","17.930555555555557","24.055555555555557","0.7453810623556582","111.77777777777777","0"
"2019-20","1610612752","New York Knicks","66","21","45","0.3181818181818182","39.96969696969697","89.33333333333333","0.44742198100407055","16.303030303030305","23.484848484848484","0.6941935483870968","105.8030303030303","0"
"2019-20","1610612753","Orlando Magic","73","33","40","0.4520547945205479","39.32876712328767","88.6027397260274","0.44387755102040816","17.561643835616437","22.684931506849313","0.7741545893719807","107.27397260273973","0"
"2019-20","1610612754","Indiana Pacers","73","45","28","0.6164383561643836","42.12328767123287","88.45205479452055","0.4762273501626142","15.013698630136986","19.08219178082192","0.7867910983488873","109.43835616438356","0"
"2019-20","1610612755","Philadelphia 76ers","73","43","30","0.589041095890411","41.0958904109589","87.9041095890411","0.4675081813931744","16.931506849315067","22.438356164383563","0.7545787545787546","110.73972602739725","0"
"2019-20","1610612756","Phoenix Suns","73","34","39","0.4657534246575342","41.178082191780824","88.06849315068493","0.46756882874475036","19.876712328767123","23.835616438356166","0.8339080459770115","113.61643835616438","0"
"2019-20","1610612757","Portland Trail Blazers","74","35","39","0.47297297297297297","42.189189189189186","91.20270270270271","0.46258704993332345","17.72972972972973","22.054054054054053","0.803921568627451","114.97297297297297","0"
"2019-20","1610612758","Sacramento Kings","72","31","41","0.4305555555555556","40.875","88.38888888888889","0.46244500314267756","15.652777777777779","20.333333333333332","0.769808743169399","110.09722222222223","0"
"2019-20","1610612759","San Antonio Spurs","71","32","39","0.4507042253521127","42.183098591549296","89.43661971830986","0.4716535433070866","18.985915492957748","23.43661971830986","0.8100961538461539","114.05633802816901","0"
"2019-20","1610612760","Oklahoma City Thunder","72","44","28","0.6111111111111112","39.986111111111114","85.5","0.4676738141650422","19.75","24.819444444444443","0.795747062115277","110.41666666666667","0"
"2019-20","1610612761","Toronto Raptors","72","53","19","0.7361111111111112","40.236111111111114","87.93055555555556","0.45758963828779026","18.458333333333332","23.194444444444443","0.795808383233533","112.75","0"
"2019-20","1610612762","Utah Jazz","72","44","28","0.6111111111111112","40.083333333333336","85.13888888888889","0.47079934747145186","17.75","22.791666666666668","0.7787934186471663","111.29166666666667","0"
"2019-20","1610612763","Memphis Grizzlies","73","34","39","0.4657534246575342","42.54794520547945","90.87671232876713","0.4681941513415737","16.602739726027398","21.767123287671232","0.7627438640654499","112.63013698630137","0"
"2019-20","1610612764","Washington Wizards","72","25","47","0.3472222222222222","41.52777777777778","90.88888888888889","0.4569070904645477","19.36111111111111","24.583333333333332","0.7875706214689265","114.41666666666667","0"
"2019-20","1610612765","Detroit Pistons","66","20","46","0.30303030303030304","39.31818181818182","85.72727272727273","0.4586426299045599","16.62121212121212","22.363636363636363","0.7432249322493225","107.24242424242425","0"
"2019-20","1610612766","Charlotte Hornets","65","23","42","0.35384615384615387","37.30769230769231","85.93846153846154","0.43412101682778376","16.184615384615384","21.630769230769232","0.748221906116643","102.87692307692308","0"
"2020-21","1610612737","Atlanta Hawks","72","41","31","0.5694444444444444","40.791666666666664","87.23611111111111","0.46760070052539404","19.680555555555557","24.23611111111111","0.8120343839541547","113.69444444444444","0"
"2020-21","1610612738","Boston Celtics","72","36","36","0.5","41.458333333333336","88.90277777777777","0.4663333854085299","16.11111111111111","20.77777777777778","0.7754010695187166","112.625","0"
"2020-21","1610612739","Cleveland Cavaliers","72","22","50","0.3055555555555556","38.583333333333336","85.76388888888889","0.44987854251012144","16.666666666666668","22.416666666666668","0.7434944237918215","103.83333333333333","0"
"2020-21","1610612740","New Orleans Pelicans","72","31","41","0.4305555555555556","42.5","89.05555555555556","0.47723019338739864","19.01388888888889","26.083333333333332","0.7289669861554846","114.59722222222223","0"
"2020-21","1610612741","Chicago Bulls","72","31","41","0.4305555555555556","42.15277777777778","88.61111111111111","0.475705329153605","13.819444444444445","17.47222222222222","0.7909379968203497","110.68055555555556","0"
"2020-21","1610612742","Dallas Mavericks","72","42","30","0.5833333333333334","41.083333333333336","87.31944444444444","0.4704946715444568","16.47222222222222","21.166666666666668","0.7782152230971129","112.44444444444444","0"
"2020-21","1610612743","Denver Nuggets","72","47","25","0.6527777777777778","43.25","89.19444444444444","0.4848956711304889","15.680555555555555","19.52777777777778","0.8029871977240398","115.05555555555556","0"
"2020-21","1610612744","Golden State Warriors","72","39","33","0.5416666666666666","41.291666666666664","88.15277777777777","0.46841027256971796","16.569444444444443","21.11111111111111","0.7848684210526315","113.70833333333333","0"
"2020-21","1610612745","Houston Rockets","72","17","55","0.2361111111111111","39.25","88.5","0.4435028248587571","16.51388888888889","22.305555555555557","0.7403486924034869","108.79166666666667","0"
"2020-21","1610612746","LA Clippers","72","47","25","0.6527777777777778","41.791666666666664","86.69444444444444","0.4820570330022429","16.166666666666668","19.26388888888889","0.8392213410237923","114.01388888888889","0"
"2020-21","1610612747","Los Angeles Lakers","72","42","30","0.5833333333333334","40.625","86.06944444444444","0.4720025818944651","17.23611111111111","23.319444444444443","0.7391304347826086","109.54166666666667","0"
"2020-21","1610612748","Miami Heat","72","40","32","0.5555555555555556","39.22222222222222","83.73611111111111","0.4684027201857688","16.680555555555557","21.11111111111111","0.7901315789473684","108.06944444444444","0"
"2020-21","1610612749","Milwaukee Bucks","72","46","26","0.6388888888888888","44.736111111111114","91.80555555555556","0.48729198184568834","16.23611111111111","21.375","0.7595841455490578","120.125","1"
"2020-21","1610612750","Minnesota Timberwolves","72","23","49","0.3194444444444444","40.72222222222222","90.91666666666667","0.4479071188512068","17.569444444444443","23.083333333333332","0.7611311672683514","112.125","0"
"2020-21","1610612751","Brooklyn Nets","72","48","24","0.6666666666666666","43.138888888888886","87.34722222222223","0.49387820003180155","18.125","22.541666666666668","0.8040665434380776","118.56944444444444","0"
"2020-21","1610612752","New York Knicks","72","41","31","0.5694444444444444","39.43055555555556","86.45833333333333","0.45606425702811243","16.40277777777778","20.916666666666668","0.7841965471447543","107.02777777777777","0"
"2020-21","1610612753","Orlando Magic","72","21","51","0.2916666666666667","38.25","89.20833333333333","0.42877160205511444","16.61111111111111","21.430555555555557","0.7751134154244977","104.0","0"
"2020-21","1610612754","Indiana Pacers","72","34","38","0.4722222222222222","43.263888888888886","91.20833333333333","0.4743414039896452","16.430555555555557","20.73611111111111","0.7923643670462157","115.30555555555556","0"
"2020-21","1610612755","Philadelphia 76ers","72","49","23","0.6805555555555556","41.40277777777778","86.90277777777777","0.4764264024292792","19.569444444444443","25.5","0.7674291938997821","113.63888888888889","0"
"2020-21","1610612756","Phoenix Suns","72","51","21","0.7083333333333334","43.30555555555556","88.29166666666667","0.4904829322007236","15.61111111111111","18.708333333333332","0.8344469190794358","115.27777777777777","0"
"2020-21","1610612757","Portland Trail Blazers","72","42","30","0.5833333333333334","41.291666666666664","91.08333333333333","0.4533394327538884","17.805555555555557","21.63888888888889","0.8228498074454429","116.11111111111111","0"
"2020-21","1610612758","Sacramento Kings","72","31","41","0.4305555555555556","42.59722222222222","88.63888888888889","0.4805703541209652","16.40277777777778","22.01388888888889","0.7451104100946372","113.73611111111111","0"
"2020-21","1610612759","San Antonio Spurs","72","33","39","0.4583333333333333","41.861111111111114","90.52777777777777","0.4624117827554465","17.416666666666668","22.0","0.7916666666666666","111.08333333333333","0"
"2020-21","1610612760","Oklahoma City Thunder","72","22","50","0.3055555555555556","38.81944444444444","88.02777777777777","0.4409908488482171","15.458333333333334","21.333333333333332","0.724609375","105.0","0"
"2020-21","1610612761","Toronto Raptors","72","27","45","0.375","39.708333333333336","88.65277777777777","0.4479085069716434","17.38888888888889","21.333333333333332","0.8151041666666666","111.26388888888889","0"
"2020-21","1610612762","Utah Jazz","72","52","20","0.7222222222222222","41.263888888888886","88.11111111111111","0.46831651954602777","17.15277777777778","21.47222222222222","0.7988357050452781","116.41666666666667","0"
"2020-21","1610612763","Memphis Grizzlies","72","38","34","0.5277777777777778","42.84722222222222","91.77777777777777","0.4668583535108959","16.444444444444443","21.333333333333332","0.7708333333333334","113.29166666666667","0"
"2020-21","1610612764","Washington Wizards","72","34","38","0.4722222222222222","43.166666666666664","90.93055555555556","0.4747212463723843","20.125","26.166666666666668","0.7691082802547771","116.63888888888889","0"
"2020-21","1610612765","Detroit Pistons","72","20","52","0.2777777777777778","38.65277777777778","85.58333333333333","0.4516390782213567","17.75","23.375","0.7593582887700535","106.61111111111111","0"
"2020-21","1610612766","Charlotte Hornets","72","33","39","0.4583333333333333","39.93055555555556","87.83333333333333","0.45461733080328903","15.916666666666666","20.90277777777778","0.7614617940199335","109.45833333333333","0"
"2021-22","1610612737","Atlanta Hawks","82","43","39","0.524390243902439","41.47560975609756","88.3048780487805","0.4696865073884823","18.109756097560975","22.304878048780488","0.8119190814652816","113.9390243902439","0"
"2021-22","1610612738","Boston Celtics","82","51","31","0.6219512195121951","40.74390243902439","87.40243902439025","0.4661643644481652","17.036585365853657","20.890243902439025","0.8155283129013426","111.7560975609756","0"
"2021-22","1610612739","Cleveland Cavaliers","82","44","38","0.5365853658536586","39.69512195121951","84.63414634146342","0.46902017291066284","16.78048780487805","22.073170731707318","0.7602209944751381","107.79268292682927","0"
"2021-22","1610612740","New Orleans Pelicans","82","36","46","0.43902439024390244","40.170731707317074","87.95121951219512","0.456738768718802","18.304878048780488","23.20731707317073","0.788754598003153","109.29268292682927","0"
"2021-22","1610612741","Chicago Bulls","82","46","36","0.5609756097560976","41.73170731707317","86.91463414634147","0.4801459239511716","17.51219512195122","21.536585365853657","0.8131370328425821","111.60975609756098","0"
"2021-22","1610612742","Dallas Mavericks","82","52","30","0.6341463414634146","39.292682926829265","85.14634146341463","0.4614723574906903","16.353658536585368","21.20731707317073","0.7711328349626222","108.02439024390245","0"
"2021-22","1610612743","Denver Nuggets","82","48","34","0.5853658536585366","41.65853658536585","86.32926829268293","0.4825540330555163","16.73170731707317","21.036585365853657","0.7953623188405797","112.71951219512195","0"
"2021-22","1610612744","Golden State Warriors","82","53","29","0.6463414634146342","40.52439024390244","86.42682926829268","0.4688866939466629","15.609756097560975","20.304878048780488","0.7687687687687688","111.0","1"
"2021-22","1610612745","Houston Rockets","82","20","62","0.24390243902439024","39.3780487804878","86.3780487804878","0.4558802767189044","17.48780487804878","24.51219512195122","0.7134328358208956","109.71951219512195","0"
"2021-22","1610612746","LA Clippers","82","42","40","0.5121951219512195","40.0609756097561","87.4390243902439","0.4581589958158996","15.524390243902438","19.585365853658537","0.7926525529265255","108.41463414634147","0"
"2021-22","1610612747","Los Angeles Lakers","82","33","49","0.4024390243902439","41.646341463414636","88.76829268292683","0.46915785135320787","16.829268292682926","22.975609756097562","0.732484076433121","112.09756097560975","0"
"2021-22","1610612748","Miami Heat","82","53","29","0.6463414634146342","39.58536585365854","84.8048780487805","0.46678170836928384","17.26829268292683","21.378048780487806","0.8077581289218483","110.02439024390245","0"
"2021-22","1610612749","Milwaukee Bucks","82","51","31","0.6219512195121951","41.81707317073171","89.40243902439025","0.46773973537034513","17.79268292682927","22.9390243902439","0.7756512493354598","115.48780487804878","0"
"2021-22","1610612750","Minnesota Timberwolves","82","46","36","0.5609756097560976","41.59756097560975","90.95121951219512","0.4573612228479485","17.975609756097562","23.097560975609756","0.778247096092925","115.9390243902439","0"
"2021-22","1610612751","Brooklyn Nets","82","44","38","0.5365853658536586","41.97560975609756","88.42682926829268","0.4746931457729968","17.48780487804878","21.71951219512195","0.8051656372824256","112.90243902439025","0"
"2021-22","1610612752","New York Knicks","82","37","45","0.45121951219512196","37.65853658536585","86.20731707317073","0.4368368934785684","17.963414634146343","24.146341463414632","0.7439393939393939","106.47560975609755","0"
"2021-22","1610612753","Orlando Magic","82","22","60","0.2682926829268293","38.28048780487805","88.29268292682927","0.4335635359116022","15.487804878048781","19.682926829268293","0.7868649318463445","104.23170731707317","0"
"2021-22","1610612754","Indiana Pacers","82","25","57","0.3048780487804878","41.4390243902439","89.48780487804878","0.4630689561188335","16.426829268292682","21.390243902439025","0.7679589509692132","111.46341463414635","0"
"2021-22","1610612755","Philadelphia 76ers","82","51","31","0.6219512195121951","39.390243902439025","84.53658536585365","0.4659549913444893","19.573170731707318","23.841463414634145","0.8209718670076727","109.9390243902439","0"
"2021-22","1610612756","Phoenix Suns","82","64","18","0.7804878048780488","43.670731707317074","90.10975609756098","0.48463932873189874","15.890243902439025","19.9390243902439","0.7969418960244649","114.82926829268293","0"
"2021-22","1610612757","Portland Trail Blazers","82","27","55","0.32926829268292684","38.548780487804876","87.1219512195122","0.44246920492721165","16.414634146341463","21.597560975609756","0.7600225861095427","106.23170731707317","0"
"2021-22","1610612758","Sacramento Kings","82","30","52","0.36585365853658536","40.5","88.08536585365853","0.45978125432645717","17.878048780487806","23.26829268292683","0.7683438155136268","110.3048780487805","0"
"2021-22","1610612759","San Antonio Spurs","82","34","48","0.4146341463414634","43.24390243902439","92.6951219512195","0.46651756347848966","15.390243902439025","20.402439024390244","0.7543335325762104","113.15853658536585","0"
"2021-22","1610612760","Oklahoma City Thunder","82","24","58","0.2926829268292683","38.30487804878049","89.14634146341463","0.4296853625170999","15.036585365853659","19.902439024390244","0.7555147058823529","103.73170731707317","0"
"2021-22","1610612761","Toronto Raptors","82","48","34","0.5853658536585366","40.63414634146341","91.32926829268293","0.4449192148484444","16.182926829268293","21.329268292682926","0.7587192681532304","109.39024390243902","0"
"2021-22","1610612762","Utah Jazz","82","49","33","0.5975609756097561","40.573170731707314","86.1829268292683","0.470779680203764","17.926829268292682","23.365853658536587","0.767223382045929","113.60975609756098","0"
"2021-22","1610612763","Memphis Grizzlies","82","56","26","0.6829268292682927","43.548780487804876","94.3780487804878","0.4614291252099754","16.98780487804878","23.146341463414632","0.7339304531085353","115.60975609756098","0"
"2021-22","1610612764","Washington Wizards","82","35","47","0.4268292682926829","40.573170731707314","86.04878048780488","0.47151360544217685","16.98780487804878","21.682926829268293","0.7834645669291339","108.6219512195122","0"
"2021-22","1610612765","Detroit Pistons","82","23","59","0.2804878048780488","38.15853658536585","88.6219512195122","0.4305765790560066","17.23170731707317","22.024390243902438","0.782392026578073","104.82926829268293","0"
"2021-22","1610612766","Charlotte Hornets","82","43","39","0.524390243902439","42.78048780487805","91.42682926829268","0.46792050153394693","15.829268292682928","21.378048780487806","0.7404449515116942","115.32926829268293","0"
"2022-23","1610612737","Atlanta Hawks","82","41","41","0.5","44.609756097560975","92.36585365853658","0.48296804858727227","18.451219512195124","22.5609756097561","0.8178378378378378","118.42682926829268","0"
"2022-23","1610612738","Boston Celtics","82","57","25","0.6951219512195121","42.19512195121951","88.7560975609756","0.47540533113492717","17.51219512195122","21.573170731707318","0.8117580553985303","117.9390243902439","0"
"2022-23","1610612739","Cleveland Cavaliers","82","51","31","0.6219512195121951","41.5609756097561","85.17073170731707","0.4879725085910653","17.548780487804876","22.48780487804878","0.7803687635574837","112.2560975609756","0"
"2022-23","1610612740","New Orleans Pelicans","82","42","40","0.5121951219512195","42.03658536585366","87.5609756097561","0.48008356545961","19.329268292682926","24.390243902439025","0.7925","114.36585365853658","0"
"2022-23","1610612741","Chicago Bulls","82","40","42","0.4878048780487805","42.53658536585366","86.78048780487805","0.4901630129286116","17.634146341463413","21.804878048780488","0.8087248322147651","113.1219512195122","0"
"2022-23","1610612742","Dallas Mavericks","82","38","44","0.4634146341463415","40.03658536585366","84.2560975609756","0.475177304964539","18.951219512195124","25.085365853658537","0.7554691298006806","114.21951219512195","0"
"2022-23","1610612743","Denver Nuggets","82","53","29","0.6463414634146342","43.58536585365854","86.4390243902439","0.5042325056433409","16.804878048780488","22.365853658536587","0.7513631406761178","115.79268292682927","1"
"2022-23","1610612744","Golden State Warriors","82","44","38","0.5365853658536586","43.146341463414636","90.15853658536585","0.47856080075747326","16.024390243902438","20.182926829268293","0.7939577039274924","118.9390243902439","0"
"2022-23","1610612745","Houston Rockets","82","22","60","0.2682926829268293","40.59756097560975","88.86585365853658","0.4568409496363387","19.109756097560975","25.341463414634145","0.7540904716073147","110.7439024390244","0"
"2022-23","1610612746","LA Clippers","82","44","38","0.5365853658536586","41.09756097560975","86.08536585365853","0.477404731548378","18.695121951219512","23.926829268292682","0.7813455657492355","113.58536585365853","0"
"2022-23","1610612747","Los Angeles Lakers","82","43","39","0.524390243902439","42.8780487804878","89.0","0.481775828994245","20.621951219512194","26.609756097560975","0.7749770852428964","117.17073170731707","0"
"2022-23","1610612748","Miami Heat","82","44","38","0.5365853658536586","39.207317073170735","85.2560975609756","0.45987698469460736","19.109756097560975","22.98780487804878","0.8312997347480106","109.47560975609755","0"
"2022-23","1610612749","Milwaukee Bucks","82","58","24","0.7073170731707317","42.73170731707317","90.3780487804878","0.4728106868168938","16.634146341463413","22.402439024390244","0.7425149700598802","116.9390243902439","0"
"2022-23","1610612750","Minnesota Timberwolves","82","42","40","0.5121951219512195","42.86585365853659","87.40243902439025","0.4904423050090693","17.890243902439025","23.682926829268293","0.7554067971163748","115.78048780487805","0"
"2022-23","1610612751","Brooklyn Nets","82","45","37","0.5487804878048781","41.451219512195124","85.09756097560975","0.4871023215821152","17.670731707317074","22.085365853658537","0.8001104362230812","113.35365853658537","0"
"2022-23","1610612752","New York Knicks","82","47","35","0.573170731707317","42.0","89.36585365853658","0.46997816593886466","19.378048780487806","25.451219512195124","0.761379971250599","116.02439024390245","0"
"2022-23","1610612753","Orlando Magic","82","34","48","0.4146341463414634","40.52439024390244","86.26829268292683","0.469748374328527","19.597560975609756","25.0","0.7839024390243903","111.41463414634147","0"
"2022-23","1610612754","Indiana Pacers","82","35","47","0.4268292682926829","42.0","89.57317073170732","0.46889040163376444","18.71951219512195","23.70731707317073","0.7896090534979424","116.28048780487805","0"
"2022-23","1610612755","Philadelphia 76ers","82","54","28","0.6585365853658537","40.81707317073171","83.78048780487805","0.4871906841339156","20.963414634146343","25.097560975609756","0.8352769679300291","115.21951219512195","0"
"2022-23","1610612756","Phoenix Suns","82","45","37","0.5487804878048781","42.109756097560975","90.09756097560975","0.4673795343800758","17.21951219512195","21.71951219512195","0.7928130263896688","113.64634146341463","0"
"2022-23","1610612757","Portland Trail Blazers","82","33","49","0.4024390243902439","40.451219512195124","85.3780487804878","0.4737894586487645","19.621951219512194","24.646341463414632","0.7961405244928254","113.40243902439025","0"
"2022-23","1610612758","Sacramento Kings","82","48","34","0.5853658536585366","43.573170731707314","88.1951219512195","0.494054203539823","19.804878048780488","25.0609756097561","0.7902676399026763","120.70731707317073","0"
"2022-23","1610612759","San Antonio Spurs","82","22","60","0.2682926829268293","43.08536585365854","92.59756097560975","0.4652969840642697","15.75609756097561","21.20731707317073","0.7429557216791259","113.03658536585365","0"
"2022-23","1610612760","Oklahoma City Thunder","82","40","42","0.4878048780487805","43.08536585365854","92.5609756097561","0.46548089591567854","19.170731707317074","23.70731707317073","0.808641975308642","117.47560975609755","0"
"2022-23","1610612761","Toronto Raptors","82","41","41","0.5","41.8780487804878","91.32926829268293","0.45853919081319267","18.365853658536587","23.4390243902439","0.7835587929240374","112.85365853658537","0"
"2022-23","1610612762","Utah Jazz","82","37","45","0.45121951219512196","42.5","89.8170731707317","0.47318397827562797","18.73170731707317","23.841463414634145","0.7856777493606139","117.07317073170732","0"
"2022-23","1610612763","Memphis Grizzlies","82","51","31","0.6219512195121951","43.71951219512195","92.08536585365853","0.4747715534366309","17.463414634146343","23.829268292682926","0.7328556806550666","116.91463414634147","0"
"2022-23","1610612764","Washington Wizards","82","35","47","0.4268292682926829","42.146341463414636","86.91463414634147","0.48491651466255087","17.585365853658537","22.414634146341463","0.7845484221980413","113.15853658536585","0"
"2022-23","1610612765","Detroit Pistons","82","17","65","0.2073170731707317","39.5609756097561","87.07317073170732","0.45434173669467787","19.79268292682927","25.682926829268293","0.7706552706552706","110.3048780487805","0"
"2022-23","1610612766","Charlotte Hornets","82","27","55","0.32926829268292684","41.28048780487805","90.40243902439025","0.45663024416565495","17.646341463414632","23.573170731707318","0.7485773409208484","110.95121951219512","0"
"2023-24","1610612737","Atlanta Hawks","82","36","46","0.43902439024390244","43.03658536585366","92.48780487804878","0.4653217299578059","18.536585365853657","23.24390243902439","0.7974816369359916","118.32926829268293","0"
"2023-24","1610612738","Boston Celtics","82","64","18","0.7804878048780488","43.91463414634146","90.1951219512195","0.4868848025959978","16.26829268292683","20.170731707317074","0.8065296251511487","120.57317073170732","1"
"2023-24","1610612739","Cleveland Cavaliers","82","48","34","0.5853658536585366","41.76829268292683","87.17073170731707","0.47915500839395636","15.585365853658537","20.378048780487806","0.7648114901256733","112.63414634146342","0"
"2023-24","1610612740","New Orleans Pelicans","82","49","33","0.5975609756097561","42.48780487804878","87.3780487804878","0.4862526168876483","17.621951219512194","22.841463414634145","0.7714895888948211","115.07317073170732","0"
"2023-24","1610612741","Chicago Bulls","82","39","43","0.47560975609756095","42.048780487804876","89.5","0.4698187764000545","16.695121951219512","21.109756097560975","0.7908723281340265","112.26829268292683","0"
"2023-24","1610612742","Dallas Mavericks","82","50","32","0.6097560975609756","43.109756097560975","89.65853658536585","0.4808215451577802","17.036585365853657","22.463414634146343","0.758414766558089","117.85365853658537","0"
"2023-24","1610612743","Denver Nuggets","82","57","25","0.6951219512195121","44.02439024390244","88.76829268292683","0.4959472455007556","15.121951219512194","19.853658536585368","0.7616707616707616","114.85365853658537","0"
"2023-24","1610612744","Golden State Warriors","82","46","36","0.5609756097560976","43.68292682926829","91.64634146341463","0.47664670658682634","15.634146341463415","20.048780487804876","0.7798053527980535","117.76829268292683","0"
"2023-24","1610612745","Houston Rockets","82","41","41","0.5","41.76829268292683","90.96341463414635","0.4591768333556777","18.073170731707318","23.365853658536587","0.7734864300626305","114.32926829268293","0"
"2023-24","1610612746","LA Clippers","82","51","31","0.6219512195121951","42.353658536585364","86.6829268292683","0.48860438942037143","18.28048780487805","22.158536585365855","0.8249862410566868","115.6219512195122","0"
"2023-24","1610612747","Los Angeles Lakers","82","47","35","0.573170731707317","43.65853658536585","87.52439024390245","0.498815661139752","18.902439024390244","24.182926829268293","0.7816439737771054","118.03658536585365","0"
"2023-24","1610612748","Miami Heat","82","46","36","0.5609756097560976","39.829268292682926","85.63414634146342","0.4651096553688408","18.024390243902438","22.024390243902438","0.8183831672203765","110.14634146341463","0"
"2023-24","1610612749","Milwaukee Bucks","82","49","33","0.5975609756097561","43.146341463414636","88.51219512195122","0.487462110774318","18.5","23.902439024390244","0.7739795918367347","118.97560975609755","0"
"2023-24","1610612750","Minnesota Timberwolves","82","56","26","0.6829268292682927","41.25609756097561","85.04878048780488","0.48508746773731","17.817073170731707","22.9390243902439","0.7767145135566188","112.97560975609755","0"
"2023-24","1610612751","Brooklyn Nets","82","32","50","0.3902439024390244","40.65853658536585","89.10975609756098","0.45627480498152456","15.768292682926829","20.865853658536587","0.755698421975453","110.36585365853658","0"
"2023-24","1610612752","New York Knicks","82","50","32","0.6097560975609756","41.28048780487805","88.6829268292683","0.4654840484048405","17.024390243902438","21.817073170731707","0.7803242034656233","112.79268292682927","0"
"2023-24","1610612753","Orlando Magic","82","47","35","0.573170731707317","40.46341463414634","84.92682926829268","0.4764503159103963","18.524390243902438","24.414634146341463","0.7587412587412588","110.46341463414635","0"
"2023-24","1610612754","Indiana Pacers","82","47","35","0.573170731707317","47.01219512195122","92.67073170731707","0.5073035925779708","16.073170731707318","20.548780487804876","0.7821958456973294","123.29268292682927","0"
"2023-24","1610612755","Philadelphia 76ers","82","47","35","0.573170731707317","41.51219512195122","89.40243902439025","0.4643295594052653","19.475609756097562","23.585365853658537","0.8257497414684591","114.59756097560975","0"
"2023-24","1610612756","Phoenix Suns","82","49","33","0.5975609756097561","42.46341463414634","86.13414634146342","0.4929916466090896","18.878048780487806","23.353658536585368","0.808355091383812","116.2439024390244","0"
"2023-24","1610612757","Portland Trail Blazers","82","21","61","0.25609756097560976","39.353658536585364","89.70731707317073","0.438689505165851","16.20731707317073","20.48780487804878","0.7910714285714285","106.36585365853658","0"
"2023-24","1610612758","Sacramento Kings","82","46","36","0.5609756097560976","43.329268292682926","90.91463414634147","0.47659289067739774","15.536585365853659","20.853658536585368","0.7450292397660818","116.5609756097561","0"
"2023-24","1610612759","San Antonio Spurs","82","22","60","0.2682926829268293","41.926829268292686","90.6829268292683","0.4623453469607316","15.609756097560975","19.963414634146343","0.7819181429444105","112.09756097560975","0"
"2023-24","1610612760","Oklahoma City Thunder","82","57","25","0.6951219512195121","44.548780487804876","89.3170731707317","0.4987711632987439","17.695121951219512","21.451219512195124","0.8249005116543491","120.08536585365853","0"
"2023-24","1610612761","Toronto Raptors","82","25","57","0.3048780487804878","42.26829268292683","89.70731707317073","0.4711799891245242","16.329268292682926","21.609756097560975","0.7556433408577878","112.35365853658537","0"
"2023-24","1610612762","Utah Jazz","82","31","51","0.3780487804878049","41.98780487804878","89.89024390243902","0.46710080043413377","18.75609756097561","22.597560975609756","0.8300053966540745","115.65853658536585","0"
"2023-24","1610612763","Memphis Grizzlies","82","27","55","0.32926829268292684","38.353658536585364","88.17073170731707","0.43499308437067774","16.048780487804876","21.0","0.7642276422764228","105.8170731707317","0"
"2023-24","1610612764","Washington Wizards","82","15","67","0.18292682926829268","42.96341463414634","91.3780487804878","0.4701721606833044","15.439024390243903","20.20731707317073","0.764031382015691","113.7439024390244","0"
"2023-24","1610612765","Detroit Pistons","82","14","68","0.17073170731707318","40.890243902439025","88.2439024390244","0.4633775566611387","17.048780487804876","21.70731707317073","0.7853932584269663","109.8780487804878","0"
"2023-24","1610612766","Charlotte Hornets","82","21","61","0.25609756097560976","40.01219512195122","86.98780487804878","0.4599747651759428","14.5","18.4390243902439","0.7863756613756614","106.58536585365853","0"
"2024-25","1610612737","Atlanta Hawks","82","40","42","0.4878048780487805","43.36585365853659","91.8048780487805","0.4723698193411265","17.951219512195124","23.170731707317074","0.7747368421052632","118.1829268292683","0"
"2024-25","1610612738","Boston Celtics","82","61","21","0.7439024390243902","41.6219512195122","90.02439024390245","0.4623408290436196","15.25609756097561","19.085365853658537","0.7993610223642172","116.26829268292683","0"
"2024-25","1610612739","Cleveland Cavaliers","82","64","18","0.7804878048780488","44.53658536585366","90.78048780487805","0.4905964535196131","16.975609756097562","21.865853658536587","0.7763524818739542","121.9390243902439","0"
"2024-25","1610612740","New Orleans Pelicans","82","21","61","0.25609756097560976","40.63414634146341","89.85365853658537","0.4522258414766558","16.536585365853657","21.9390243902439","0.7537520844913841","109.82926829268293","0"
"2024-25","1610612741","Chicago Bulls","82","39","43","0.47560975609756095","43.207317073170735","92.01219512195122","0.46958250497017895","15.951219512195122","19.71951219512195","0.8089053803339518","117.8048780487805","0"
"2024-25","1610612742","Dallas Mavericks","82","39","43","0.47560975609756095","41.98780487804878","87.73170731707317","0.4785932721712538","17.78048780487805","23.097560975609756","0.7697993664202746","114.1951219512195","0"
"2024-25","1610612743","Denver Nuggets","82","50","32","0.6097560975609756","45.41463414634146","89.7560975609756","0.5059782608695652","17.926829268292682","23.28048780487805","0.7700366684127815","120.7560975609756","0"
"2024-25","1610612744","Golden State Warriors","82","48","34","0.5853658536585366","40.75609756097561","90.39024390243902","0.45089044792228816","16.865853658536587","22.085365853658537","0.7636664826062949","113.79268292682927","0"
"2024-25","1610612745","Houston Rockets","82","52","30","0.6341463414634146","42.48780487804878","93.40243902439025","0.45488967228097665","16.658536585365855","22.573170731707318","0.737979470556456","114.29268292682927","0"
"2024-25","1610612746","LA Clippers","82","50","32","0.6097560975609756","41.573170731707314","86.28048780487805","0.4818374558303887","17.26829268292683","21.658536585365855","0.7972972972972973","112.8780487804878","0"
"2024-25","1610612747","Los Angeles Lakers","82","50","32","0.6097560975609756","40.926829268292686","85.45121951219512","0.47894962180676465","18.21951219512195","23.195121951219512","0.7854889589905363","113.39024390243902","0"
"2024-25","1610612748","Miami Heat","82","37","45","0.45121951219512196","40.46341463414634","87.04878048780488","0.46483608854020736","15.963414634146341","20.170731707317074","0.7914147521160823","110.59756097560975","0"
"2024-25","1610612749","Milwaukee Bucks","82","48","34","0.5853658536585366","42.01219512195122","86.36585365853658","0.48644450720135557","17.329268292682926","23.109756097560975","0.749868073878628","115.51219512195122","0"
"2024-25","1610612750","Minnesota Timberwolves","82","49","33","0.5975609756097561","41.02439024390244","87.58536585365853","0.4683932052353105","17.20731707317073","21.817073170731707","0.7887087758524315","114.29268292682927","0"
"2024-25","1610612751","Brooklyn Nets","82","26","56","0.3170731707317073","37.63414634146341","86.09756097560975","0.43711048158640226","16.26829268292683","20.682926829268293","0.7865566037735849","105.10975609756098","0"
"2024-25","1610612752","New York Knicks","82","51","31","0.6219512195121951","43.329268292682926","89.20731707317073","0.4857142857142857","16.548780487804876","20.682926829268293","0.8001179245283019","115.78048780487805","0"
"2024-25","1610612753","Orlando Magic","82","41","41","0.5","38.170731707317074","85.78048780487805","0.4449815183394939","17.853658536585368","23.048780487804876","0.7746031746031746","105.42682926829268","0"
"2024-25","1610612754","Indiana Pacers","82","50","32","0.6097560975609756","43.58536585365854","89.34146341463415","0.48785148785148785","17.01219512195122","21.5609756097561","0.7890271493212669","117.36585365853658","0"
"2024-25","1610612755","Philadelphia 76ers","82","24","58","0.2926829268292683","39.68292682926829","87.41463414634147","0.45396205357142855","17.548780487804876","22.48780487804878","0.7803687635574837","109.60975609756098","0"
"2024-25","1610612756","Phoenix Suns","82","36","46","0.43902439024390244","41.23170731707317","86.28048780487805","0.4778798586572438","16.817073170731707","20.75609756097561","0.8102232667450059","113.6219512195122","0"
"2024-25","1610612757","Portland Trail Blazers","82","36","46","0.43902439024390244","40.548780487804876","90.1951219512195","0.44956733369388857","16.902439024390244","22.195121951219512","0.7615384615384615","110.89024390243902","0"
"2024-25","1610612758","Sacramento Kings","82","40","42","0.4878048780487805","43.03658536585366","90.0609756097561","0.4778605280974949","17.073170731707318","21.195121951219512","0.8055235903337169","115.73170731707317","0"
"2024-25","1610612759","San Antonio Spurs","82","34","48","0.4146341463414634","41.78048780487805","89.78048780487805","0.46536267318663405","16.24390243902439","20.98780487804878","0.7739686228936665","113.92682926829268","0"
"2024-25","1610612760","Oklahoma City Thunder","82","68","14","0.8292682926829268","44.63414634146341","92.6829268292683","0.48157894736842105","16.695121951219512","20.390243902439025","0.81877990430622","120.5","1"
"2024-25","1610612761","Toronto Raptors","82","30","52","0.36585365853658536","41.63414634146341","91.0","0.45751809166443314","15.78048780487805","21.085365853658537","0.7484094852515906","110.86585365853658","0"
"2024-25","1610612762","Utah Jazz","82","17","65","0.2073170731707317","40.30487804878049","88.6829268292683","0.4544829482948295","17.329268292682926","22.390243902439025","0.7739651416122004","111.89024390243902","0"
"2024-25","1610612763","Memphis Grizzlies","82","48","34","0.5853658536585366","44.75609756097561","93.34146341463415","0.4794878494904625","18.28048780487805","23.26829268292683","0.7856394129979035","121.70731707317073","0"
"2024-25","1610612764","Washington Wizards","82","18","64","0.21951219512195122","39.426829268292686","89.89024390243902","0.4386107719441053","16.036585365853657","20.609756097560975","0.7781065088757396","108.0","0"
"2024-25","1610612765","Detroit Pistons","82","44","38","0.5365853658536586","42.71951219512195","89.79268292682927","0.47575716419937525","17.24390243902439","22.26829268292683","0.7743702081051479","115.5","0"
"2024-25","1610612766","Charlotte Hornets","82","19","63","0.23170731707317074","38.31707317073171","89.1219512195122","0.42993979200875754","15.475609756097562","19.76829268292683","0.7828500925354719","105.09756097560975","0"
